Price,Close,High,Low,Open,Volume
Ticker,AAPL,AAPL,AAPL,AAPL,AAPL
Date,,,,,
2020-01-02,72.620849609375,72.68129646149221,71.37322569622376,71.6270995236096,135480400
2020-01-03,71.91481018066406,72.67643886208242,71.6899497146884,71.84711001739942,146322800
2020-01-06,72.48785400390625,72.52654087038833,70.78325591626742,71.03471685901826,118387200
2020-01-07,72.14693450927734,72.75381577050801,71.9269071243437,72.49752175701711,108872000
2020-01-08,73.3075180053711,73.60975223726805,71.84954036585081,71.84954036585081,132079200
2020-01-09,74.86460876464844,75.05803566834844,74.03528003135865,74.28673353041597,170108400
2020-01-10,75.03386688232422,75.59965578823589,74.5309524288927,75.09915419080262,140644800
2020-01-13,76.63694763183594,76.66354808813736,75.23216314596132,75.3506440133211,121532000
2020-01-14,75.60206604003906,76.78440971103713,75.4787595103825,76.57405589932931,161954400
2020-01-15,75.27806854248047,76.28390474886808,74.84526714361999,75.40138244543428,121923600
2020-01-16,76.2210693359375,76.3322968697533,75.45944038456871,75.82212154034119,108829200
2020-01-17,77.06488037109375,77.06729322689777,76.16301095015437,76.47007821096346,137816400
2020-01-21,76.5426254272461,77.1350000250309,76.40480486276103,76.69253240808335,110843200
2020-01-22,76.81584930419922,77.36953706088629,76.7215486894379,77.02861598860008,101832400
2020-01-23,77.18578338623047,77.26556997023165,76.3201804851689,76.86904252755714,104472000
2020-01-24,76.96333312988281,78.17710300745777,76.772319051517,77.43240119345582,146537600
2020-01-27,74.70018005371094,75.3820145475778,73.71610409343769,74.96856038173351,161940000
2020-01-28,76.81344604492188,76.98511304705568,75.48361523501154,75.58274896265684,162234000
2020-01-29,78.42131042480469,79.26998640843951,77.70562191467835,78.44791087101221,216229200
2020-01-30,78.30767059326172,78.36086410726632,77.06972049871605,77.50252193635508,126743200
2020-01-31,74.83562469482422,78.01996079771159,74.54064375527754,77.59683282419269,199588400
2020-02-03,74.63008880615234,75.79791852993898,73.07297758859362,73.57589206005755,173788400
2020-02-04,77.09391784667969,77.28493196834982,75.83178725999309,76.23798834153754,136616400
2020-02-05,77.7225570678711,78.52287271376575,77.11808861152979,78.22305134186004,118826800
2020-02-06,78.63166809082031,78.63408832571153,77.43482504328904,77.99335327455661,105425600
2020-02-07,77.56285858154297,78.37961468469555,77.07086561575886,78.12998293153962,117684000
2020-02-10,77.93122863769531,77.93122863769531,76.0650521291358,76.14502805818842,109348800
2020-02-11,77.4610595703125,78.500791189116,77.24293596960018,78.42808578763751,94323200
2020-02-12,79.30059814453125,79.30544270651585,77.91186562118695,77.91186562118695,113730400
2020-02-13,78.73589324951172,79.06308239609403,78.36750683488538,78.57108938477977,94747600
2020-02-14,78.75526428222656,79.0048959887249,78.24630435157947,78.70436311176876,80113600
2020-02-18,77.31322479248047,77.49499569716498,76.24925554684746,76.43102645153198,152531200
2020-02-19,78.43292236328125,78.66316843831524,77.55557609214306,77.55557609214306,93984000
2020-02-20,77.62830352783203,78.68257641893778,77.12176941520916,78.19300936850892,100566000
2020-02-21,75.87117004394531,77.66464882542346,75.25315194781216,77.22112369135226,129554000
2020-02-24,72.26727294921875,73.72144039286337,70.09814428354905,72.04430474977563,222195200
2020-02-25,69.81939697265625,73.32151855543881,69.34679716700752,72.93859119205945,230673600
2020-02-26,70.92701721191406,72.19456919203475,69.43649702723432,69.44376756876824,198054800
2020-02-27,66.29064178466797,69.31531263503878,66.154920085896,68.12774407264509,320605600
2020-02-28,66.2518539428711,67.4757824380709,62.134139530313654,62.34984454807426,426510000
2020-03-02,72.41996002197266,73.05737125328037,67.30856246455294,68.41372910419624,341397200
2020-03-03,70.11994934082031,73.67781024463216,69.26683312015966,73.59783429708392,319475600
2020-03-04,73.3724365234375,73.53239582305254,71.04334864954015,71.84556373045045,219178400
2020-03-05,70.992431640625,72.59927985968368,70.62646393562468,71.62256471651843,187572800
2020-03-06,70.04966735839844,70.48349603940056,68.15925268654892,68.34586817457833,226176800
2020-03-09,64.50928497314453,67.3982263851532,63.740996701505956,63.92276760464713,286744800
2020-03-10,69.15534973144531,69.4219485531025,65.28484074636239,67.16799216221737,285290000
2020-03-11,66.75352478027344,68.1567978048507,65.88829376433424,67.22855792408797,255598800
2020-03-12,60.16132354736328,65.43752824947576,60.10558150322218,62.02993014789043,418474000
2020-03-13,67.36914825439453,67.84175558934598,61.30526952735632,64.19906676832508,370732000
2020-03-16,58.702308654785156,62.79093727126344,58.166688768527365,58.63929237514396,322423600
2020-03-17,61.28345489501953,62.43466692909921,57.77891021775957,59.98682095947624,324056000
2020-03-18,59.78323745727539,60.59030070646208,57.46868723066085,58.11094663703243,300233600
2020-03-19,59.32518005371094,61.27861092543495,58.79925664194976,59.957742995624386,271857200
2020-03-20,55.55888366699219,61.03382237097015,55.258354443077174,59.906840554892725,401693200
2020-03-23,54.37858200073242,55.379534953760505,51.52841558126917,55.27774369215165,336752800
2020-03-24,59.834136962890625,60.03044895212406,56.78523248433621,57.28449598735918,287531200
2020-03-25,59.50453186035156,62.589789367560115,59.2088508557747,60.77208009260678,303602000
2020-03-26,62.635833740234375,62.69399806571646,59.70810978448486,59.74688846689872,252087200
2020-03-27,60.04256820678711,62.012962352654554,59.875338378207296,61.25679655191656,204216800
2020-03-30,61.75606155395508,61.92813964643738,60.444886473049856,60.76965331673908,167976400
2020-03-31,61.630027770996094,63.61738886653712,61.07502225152622,61.94752404866054,197002000
2020-04-01,58.387237548828125,60.28007792812991,57.95583490890622,59.74203576856197,176218400
2020-04-02,59.36153030395508,59.41485006682693,57.41537005354861,58.24909322048442,165934000
2020-04-03,58.5084228515625,59.54815085540586,57.91706088463897,58.845304798537626,129880000
2020-04-06,63.612552642822266,63.76765998471095,60.44004501427147,60.80843142300017,201820400
2020-04-07,62.875770568847656,65.84954752102261,62.77155701763157,65.63141650239487,202887200
2020-04-08,64.48503875732422,64.80010532216062,63.312011573340016,63.67797191329824,168895200
2020-04-09,64.95037078857422,65.45448618898067,64.15300782522117,65.12245255308986,161834800
2020-04-13,66.22518920898438,66.33425469318199,64.42686608662422,65.02792444640441,131022800
2020-04-14,69.56977081298828,69.86060717517675,67.38852028540254,67.86112752488982,194994800
2020-04-15,68.93479919433594,69.39528402750159,68.01382952800463,68.44280621954762,131154400
2020-04-16,69.4825210571289,69.84848877293005,68.43067451777503,69.64975084803966,157125200
2020-04-17,68.53972625732422,69.54553088808427,67.1001005187267,68.99779235427566,215250000
2020-04-20,67.11709594726562,68.26831182918983,67.09771030256397,67.36430914394938,130015200
2020-04-21,65.04247283935547,67.19464143835056,64.32993033303205,66.95955078291355,180991600
2020-04-22,66.91592407226562,67.35217124293807,65.97071693829112,66.31243969742793,116862400
2020-04-23,66.65660095214844,68.28526852206619,66.61782227235553,66.86018347385354,124814400
2020-04-24,68.58094024658203,68.59063676429346,67.1340437726702,67.18251896495144,126161200
2020-04-27,68.62944030761719,68.96147404586024,67.84903676526578,68.29739917309554,117087600
2020-04-28,67.51697540283203,69.27409398731281,67.42488436575898,69.09232309926307,112004800
2020-04-29,69.73458099365234,70.20476224764936,68.8039150032608,69.0074974952581,137280800
2020-04-30,71.20572662353516,71.3826529846121,69.88486235394257,70.2750603851693,183064000
2020-05-01,70.05935668945312,72.46600172757337,69.27895329807433,69.37589630273538,240616800
2020-05-04,71.05061340332031,71.17906454911665,69.39286360998993,70.08359453961356,133568000
2020-05-05,72.11700439453125,72.95072758723038,71.36568312949365,71.51110134148117,147751200
2020-05-06,72.86105346679688,73.49361268962589,72.43449536031221,72.81984880576161,142333600
2020-05-07,73.61479187011719,73.96137402305452,73.1858151892616,73.48876670304365,115215200
2020-05-08,75.36693572998047,75.4203998179442,73.94771597783995,74.27579072596755,133838400
2020-05-11,76.5528793334961,77.04862926819315,74.66463023297625,74.8736289600459,145946400
2020-05-12,75.67801666259766,77.69019956686239,75.5565080151993,77.2381835420649,162301200
2020-05-13,74.7642593383789,76.78130706727246,73.68526209938001,75.85783701982658,200622400
2020-05-14,75.22356414794922,75.28431846247351,73.2769935373758,74.00118763637258,158929200
2020-05-15,74.77885437011719,74.82502825231288,72.95622454544424,72.99025052866202,166348400
2020-05-18,76.54071044921875,76.9149590881701,75.41311427356375,76.10571491448931,135178400
2020-05-19,76.0984115600586,77.4058379005977,76.06681813662406,76.5577102236088,101729600
2020-05-20,77.57842254638672,77.6488922301891,76.91984026254961,76.95872392411307,111504800
2020-05-21,77.0000228881836,77.98181472796601,76.76186329555514,77.43988355018321,102688800
2020-05-22,77.49578094482422,77.57840592683334,76.6354977307433,76.73756083121987,81803200
2020-05-26,76.9708480834961,78.79590239398446,76.91495145206838,78.61607202130844,125522000
2020-05-27,77.30622863769531,77.45204049887009,76.08628447900834,76.82749168318873,112945200
2020-05-28,77.34026336669922,78.60152387162356,76.7035591643968,76.98059505729395,133560800
2020-05-29,77.2649154663086,78.04499886732665,76.90767976403508,77.5832675133885,153532400
2020-06-01,78.21511840820312,78.33662705652523,77.08751459195024,77.21874600870194,80791200
2020-06-02,78.57722473144531,78.60152794836702,77.5055173870129,77.94781071956606,87642800
2020-06-03,79.00977325439453,79.27223605785474,78.32446277639103,78.89798738729773,104491200
2020-06-04,78.32933044433594,79.13128449132041,77.95508176147044,78.83237798726375,87560400
2020-06-05,80.56023406982422,80.62098839416043,78.55048369064991,78.5796445797234,137250400
2020-06-08,81.03655242919922,81.07057841339436,79.54442995968292,80.25646891839591,95654400
2020-06-09,83.59549713134766,83.98918386938145,80.68415537333125,80.71574880080514,147712400
2020-06-10,85.74620819091797,86.21522971767824,84.1058417038533,84.54570234634012,166651600
2020-06-11,81.62948608398438,85.31362818120239,81.52742300049806,84.88834802864902,201662400
2020-06-12,82.33425903320312,84.52141475338468,81.22124305210475,83.77292472564989,200146000
2020-06-15,83.35247802734375,84.00619497470306,80.82266775236279,80.98549256096754,138808800
2020-06-16,85.5615234375,85.83370902956554,83.77291975886371,85.41085390565064,165428800
2020-06-17,85.44243621826172,86.36833137108918,85.3209275901605,86.30757705703857,114406400
2020-06-18,85.47645568847656,85.89444563398415,84.8664800486173,85.39868839249898,96820400
2020-06-19,84.9880142211914,86.65025173694244,83.87742333103371,86.18366265338062,264476000
2020-06-22,87.21163177490234,87.35501111580226,85.33553761010069,85.38171149808717,135445200
2020-06-23,89.07311248779297,90.49476488581807,88.03785662792788,88.4582791409651,212155600
2020-06-24,87.50080871582031,89.62235242126178,87.12655999609684,88.70131477484408,192623200
2020-06-25,88.66240692138672,88.70129056885204,86.89567429690982,87.65631942729962,137522400
2020-06-26,85.93820190429688,88.77907450051282,85.78995750703652,88.55792788577938,205256800
2020-06-29,87.91878509521484,88.01356538759049,85.36710383418715,85.84584813886048,130646000
2020-06-30,88.6526870727539,88.93945305521017,87.48620727559833,87.50564539182193,140223200
2020-07-01,88.4850082397461,89.27481431029784,88.43640923902939,88.73045803796369,110737200
2020-07-02,88.4850082397461,90.03060182197771,88.37079725072775,89.39389780709443,114041600
2020-07-06,90.85200500488281,91.32102654126581,89.88479363094679,89.91638706165726,118655600
2020-07-07,90.57011413574219,92.01120488127154,90.45832825923631,91.23112145924068,112424400
2020-07-08,92.67949676513672,92.71109019742121,91.46197784699565,91.549467922268,117092000
2020-07-09,93.07805633544922,93.62727037791086,92.0282198433449,93.57380627647132,125642800
2020-07-10,93.24087524414062,93.2992044388239,92.05981473407041,92.67221565599948,90257200
2020-07-13,92.81070709228516,97.16314637894085,92.59685075274095,94.54827872663634,191649200
2020-07-14,94.34661102294922,94.53858935423052,91.25543060561826,92.19104129715517,170989200
2020-07-15,94.99544525146484,96.47541947180446,93.79493939627933,96.22511199118148,153198000
2020-07-16,93.8265380859375,94.68438876337166,93.22628512469839,93.86542173959128,110577600
2020-07-17,93.63700103759766,94.43409753404565,93.16311430688715,94.27857030894111,92186800
2020-07-20,95.61028289794922,95.74880452196625,93.37938613595313,93.72447392303613,90318000
2020-07-21,94.29067993164062,96.47783487850857,94.04037249548428,96.40250013475355,103433200
2020-07-22,94.55558013916016,95.23845801277096,93.90429569439861,93.99177834386008,89001600
2020-07-23,90.25176239013672,94.36604333190014,89.44008553110294,94.28827601915101,197004400
2020-07-24,90.0281753540039,90.37326313898976,86.65509447529368,88.44613797665554,185438800
2020-07-27,92.16185760498047,92.25420534467249,90.86901149818567,91.09258321042107,121214000
2020-07-28,90.64785766601562,91.90911765979025,90.64299257507496,91.73171241529057,103625600
2020-07-29,92.38543701171875,92.57013249165894,91.09501603040513,91.13146713399918,90329200
2020-07-30,93.50334167480469,93.60783733719364,91.14850337011598,91.55677066710048,158130000
2020-07-31,103.29206085205078,103.44273037041387,98.0088604443455,100.01132775994397,374336800
2020-08-03,105.89476776123047,108.51935112132352,104.87895742584206,105.1778638999422,308151200
2020-08-04,106.60194396972656,107.69552155569056,105.36012201007934,106.08431605909598,173071600
2020-08-05,106.98834228515625,107.30912682898914,105.85588103165973,106.32247740598919,121776800
2020-08-06,110.72109985351562,111.2168571833951,106.73076025201287,107.32129046502143,202428800
2020-08-07,108.20376586914062,110.69918395823287,107.40523237781791,110.24148657363267,198045600
2020-08-10,109.77647399902344,110.79655270725621,107.12037472507548,109.65230936900707,212403600
2020-08-11,106.5117416381836,109.53789059463463,106.25124256694211,109.03880997711208,187902400
2020-08-12,110.05158996582031,110.30965211624508,107.41009717699765,107.6048585408266,165598000
2020-08-13,111.9992446899414,113.00471686377213,110.94507845537643,111.43442627597457,210082000
2020-08-14,111.8994369506836,111.9895142842953,110.0856907583412,111.8239663506483,165565200
2020-08-17,111.6072769165039,113.04853640766869,110.97916514281515,113.0241893774422,119561600
2020-08-18,112.53726196289062,112.96330892543267,111.02296903312585,111.35893868376326,105633600
2020-08-19,112.67848205566406,114.09539455025546,112.58353829409737,112.94628453517508,145538000
2020-08-20,115.17877197265625,115.29319632845385,112.70282683961905,112.71987050380967,126907200
2020-08-21,121.11421203613281,121.59868597251888,116.1282420708619,116.14041187069935,338054800
2020-08-24,122.562744140625,125.4136120821385,120.6930085447765,125.32839378077561,345937600
2020-08-25,121.55729675292969,121.90300674261194,119.83119859572422,121.43313953220415,211495600
2020-08-26,123.2103500366211,123.66804740538558,121.8080444692864,122.87681730695134,163022400
2020-08-27,121.73744201660156,124.1476490247268,120.5907617170358,123.81411631076067,155552400
2020-08-28,121.5402603149414,123.13245352128918,121.31627804416574,122.71370987305927,187630000
2020-08-31,125.66193389892578,127.57063079085206,122.7015227453997,124.24016267088327,225702700
2020-09-01,130.66737365722656,131.27115314665346,127.11293080171876,129.28454878420325,151948100
2020-09-02,127.96018981933594,134.36793960946636,123.67537946659266,133.98814966847021,200119000
2020-09-03,117.71556091308594,125.46718052250692,117.34551135279557,123.58771183000317,257599600
2020-09-04,117.79346466064453,120.4617338734343,107.98708104487906,116.9267639955814,332607200
2020-09-08,109.8665771484375,115.87505597903306,109.73024268836703,110.96699312748366,231366600
2020-09-09,114.24877166748047,116.02112702129683,112.24270116526816,114.19034473779914,176940500
2020-09-10,110.51903533935547,117.3455283202875,109.55495382599455,117.20919386101103,182274400
2020-09-11,109.06802368164062,112.21347084794252,107.12038040161133,111.57074499929149,180860300
2020-09-14,112.340087890625,112.89516604141721,109.84710636140679,111.71684250832044,140150100
2020-09-15,112.51535034179688,115.71922434822025,110.63587432677251,115.23231354049031,184642000
2020-09-16,109.19463348388672,112.96332644603498,109.10699308995494,112.21348694471548,154679000
2020-09-17,107.45147705078125,109.26278591004208,105.86415043956644,106.84771238414066,178011000
2020-09-18,104.0431137084961,107.97735452695603,103.31274738543307,107.50992424081115,287104900
2020-09-21,107.19828796386719,107.30540893869026,100.40100964447095,101.80331518421332,195713800
2020-09-22,108.88300323486328,109.90551900427155,106.3023816419501,109.730230798935,183055400
2020-09-23,104.31578063964844,109.17514872406446,103.97493710920857,108.69797818298632,150718700
2020-09-24,105.38699340820312,107.36385041762158,102.25128611202055,102.41683403022385,167743300
2020-09-25,109.34071350097656,109.49652855947329,104.85139428601482,105.59150095453244,149981400
2020-09-28,111.95055389404297,112.30113033847593,109.82762206038593,111.9992479561973,137672400
2020-09-29,111.10330963134766,112.29137324538236,110.59692563716497,111.55127413308996,99382200
2020-09-30,112.77828216552734,114.19032800652033,110.64561781826201,110.81116571454996,142675200
2020-10-01,113.73262786865234,114.6382822722583,112.79776000519932,114.5603747595532,116120400
2020-10-02,110.06133270263672,112.34981979602337,109.28227974779207,109.93473854776296,144712000
2020-10-05,113.45023345947266,113.5963082073717,110.57746227936272,110.92803870245231,106243800
2020-10-06,110.19766998291016,113.08018139775959,109.31148864679248,112.67117062665213,161498200
2020-10-07,112.06739807128906,112.52509543882869,111.14226303933226,111.61944100062698,96849000
2020-10-08,111.96028900146484,113.35285441626657,111.59023197745923,113.206779666247,83477200
2020-10-09,113.90792083740234,113.93713429847533,111.9115834611595,112.26215985337453,100506900
2020-10-12,121.14341735839844,121.90299707303168,116.15744772819468,116.91702744282793,240226800
2020-10-13,117.92980194091797,122.10749776807862,116.5177635009862,121.99063649380032,262330500
2020-10-14,118.01747131347656,119.80929993505694,116.48857131996704,117.83244278615233,150712000
2020-10-15,117.55001831054688,118.02718887052616,115.05703709797092,115.61211517826072,112559200
2020-10-16,115.90425872802734,118.36803393931339,115.69975705683035,118.10509791229572,115393800
2020-10-19,112.94384765625,117.26761109070254,112.63222499944558,116.81965398590057,120639300
2020-10-20,114.43378448486328,115.86530350302661,112.60299502286628,113.15807306769803,124423700
2020-10-21,113.81053924560547,115.60236752064498,113.40152850485114,113.6157704572297,89946000
2020-10-22,112.7198486328125,114.94990095736752,111.59021202627706,114.37534235792785,101988000
2020-10-23,112.02843475341797,113.49890741031956,111.288328276944,113.3430923922539,82572600
2020-10-26,112.0381851196289,113.49891761177703,109.92498646777234,111.02540970017918,111850700
2020-10-27,113.547607421875,114.20980646740922,111.54153712055215,112.46666475299311,92276800
2020-10-28,108.28897857666016,112.40824796037595,108.19159788494271,112.03819835998142,143937800
2020-10-29,112.3011245727539,113.86897819384106,109.26279802021777,109.42835336524011,146129200
2020-10-30,106.01022338867188,109.05828242027559,104.90006732324844,108.152628005886,190272600
2020-11-02,105.92256927490234,107.78257204642945,104.5105309652701,106.2536724733026,122866900
2020-11-03,107.54886627197266,108.57137455492787,105.8836321285859,106.78928656758603,107624400
2020-11-04,111.94080352783203,112.56404883306527,109.40886854661319,111.15201031363652,138235500
2020-11-05,115.91399383544922,116.48855249232687,113.81054286184263,114.86226463381101,126387100
2020-11-06,115.78229522705078,116.27979571858378,113.28500589887197,115.42135693099902,114457900
2020-11-09,113.47038269042969,119.00147677375341,113.2070004475286,117.54798100128589,154515300
2020-11-10,113.12895202636719,114.70926027820961,111.33402473178882,112.71924303088868,138023400
2020-11-11,116.56269836425781,116.69926800957136,113.58742258565564,114.31904887518712,112295000
2020-11-12,116.2895736694336,117.57723580292728,115.66525308607233,116.68953299697138,103162300
2020-11-13,116.33834838867188,116.73830026220503,114.98240146299398,116.5139390128418,81581900
2020-11-16,117.35286712646484,118.02595829386176,115.25553681069077,116.0066699066951,91183000
2020-11-17,116.46516418457031,117.71380535006969,116.04569809530207,116.62124805150194,74271000
2020-11-18,115.13847351074219,116.88462258409794,115.10920964823985,115.70426632741369,76322100
2020-11-19,115.7335433959961,116.14325240275551,113.94837315477305,114.70926343660877,74113000
2020-11-20,114.46536254882812,115.8603302366192,114.41659193075076,115.7335176986335,73604300
2020-11-23,111.06087493896484,114.7385207767759,110.96332625053886,114.30929761671617,127959300
2020-11-24,112.34854888916016,113.01189046027503,109.83175227147532,111.1194218881883,113874200
2020-11-25,113.18748474121094,113.88984730295674,112.34855250829112,112.71924799503968,76499200
2020-11-27,113.7337417602539,114.61169479519093,113.37281088768742,113.71423500058307,46691300
2020-11-30,116.13349914550781,118.00646092624498,113.94836962549256,114.1044534951316,169410200
2020-12-01,119.71357727050781,120.44520359107318,117.06996839196347,118.0454701527173,127728200
2020-12-02,120.06476593017578,120.34766235140043,117.92841456031734,119.03072893889201,89004200
2020-12-03,119.92820739746094,120.74762543083594,119.21608772727546,120.49399284991507,78967600
2020-12-04,119.25508880615234,119.85014546839597,118.54296925474208,119.59651292977875,78260400
2020-12-07,120.71835327148438,121.51826448637165,119.25510050455729,119.31362823363807,86712000
2020-12-08,121.33292388916016,121.91823098434014,120.07452554250538,121.32317422873233,82225500
2020-12-09,118.79659271240234,122.86443290827428,118.03570259720179,121.4792223168842,115089200
2020-12-10,120.22084045410156,120.83541135490303,117.20654344679436,117.54796759030177,81312200
2020-12-11,119.41117095947266,119.75259507824151,117.5967371368866,119.43067771947905,86939800
2020-12-14,118.79659271240234,120.32813004344341,118.56247439445305,119.59650378767563,79184500
2020-12-15,124.7471694946289,124.76668369873353,121.08903768627563,121.29389217444482,157243700
2020-12-16,124.67888641357422,125.22516505635238,123.45950912702416,124.28869163586886,98208600
2020-12-17,125.54706573486328,126.40551199352088,124.90323104087008,125.74216309774691,94359800
2020-12-18,123.55706787109375,125.93729476626045,123.03029597909021,125.80072510268418,192541500
2020-12-21,125.08858489990234,125.16662682589052,120.42568773818081,121.95722518388207,121251600
2020-12-22,128.64920043945312,131.11721915357555,126.47382039895922,128.38581074820917,168904800
2020-12-23,127.7517318725586,129.18570593208332,127.57613379518217,128.92233114348466,88223700
2020-12-24,128.73695373535156,130.19045655011695,127.8882720644009,128.10288361785547,54930100
2020-12-28,133.3413543701172,133.97542463818004,130.23925065126556,130.70750227088905,124486200
2020-12-29,131.56593322753906,135.38989879452387,131.04891842415702,134.66803693280866,121047300
2020-12-30,130.44410705566406,132.65850039720306,130.1319393225058,132.25854107096032,96452100
2020-12-31,129.4393310546875,131.43911264182535,128.49309315567558,130.79527790714135,99116600
2021-01-04,126.23967742919922,130.3367815551993,123.65459645905015,130.24898997538617,143301900
2021-01-05,127.80049896240234,128.51262606882628,125.28370226628847,125.73243969109018,97664900
2021-01-06,123.49854278564453,127.83953083739338,123.28393117035725,124.59110762597568,155088000
2021-01-07,127.71269989013672,128.4053127501758,124.72766662301945,125.21541754601186,109578200
2021-01-08,128.8150177001953,129.38081053932285,127.03959725138373,129.18569826826229,105158200
2021-01-11,125.82022857666016,126.98107819787433,125.35199184107861,126.02509052127691,100384500
2021-01-12,125.64464569091797,126.512841772657,123.75216965353734,125.35199214859502,91951100
2021-01-13,127.68346405029297,128.22974282234873,125.34226506005965,125.60563989909929,88636800
2021-01-14,125.75196075439453,127.79075627059156,125.60562652996778,127.59565885633445,90221800
2021-01-15,124.02528381347656,127.029830793785,123.88871417277956,125.62510598377331,111598500
2021-01-19,124.69840240478516,125.5568487900098,123.83020635972,124.64962433562887,90757300
2021-01-20,128.79547119140625,129.24420846332558,125.40072989309188,125.50803566127003,104319500
2021-01-21,133.5168914794922,136.24829877795602,130.31724760799727,130.52210948149528,120150900
2021-01-22,135.66302490234375,136.42391501700993,131.71224014697756,132.94136689721347,114459400
2021-01-25,139.41873168945312,141.53556905552392,133.1950247182092,139.56506590746304,157611700
2021-01-26,139.65284729003906,140.76491879465476,137.9066906570604,140.08207048216735,98390600
2021-01-27,138.5797882080078,140.7649176755725,136.97021613529958,139.91622095789253,140843800
2021-01-28,133.73158264160156,138.51155198143542,133.3511374085417,136.10206054372927,142621100
2021-01-29,128.72720336914062,133.39010003222583,127.020075493765,132.5023899646368,177523800
2021-02-01,130.8538055419922,132.06343308345475,127.72243834178269,130.47336045084296,106239800
2021-02-02,131.68301391601562,132.9706687530236,131.3123184109022,132.40487583442152,83305400
2021-02-03,130.6587371826172,132.44390758674706,130.33681974400568,132.43414304059044,89880900
2021-02-04,134.02418518066406,134.0339348395979,131.29277729666717,132.96089184283247,84183100
2021-02-05,133.60899353027344,134.25379046331454,132.72973582683255,134.18541104102158,75693800
2021-02-08,133.75550842285156,133.8043593718813,131.81135394631426,132.89577942302134,71297200
2021-02-09,132.87625122070312,134.70317555376081,132.71994903608007,133.4721970895325,76774200
2021-02-10,132.2705535888672,133.83369484015344,131.3033582625716,133.3354359263558,73046600
2021-02-11,132.01649475097656,133.24745791376353,130.6878297102737,132.76874256351735,64280000
2021-02-12,132.2510223388672,132.40733945975953,130.60973729116114,131.25453423442616,60145100
2021-02-16,130.1212158203125,132.87623338492867,129.73042314316442,132.36822526546072,80576300
2021-02-17,127.82540130615234,129.17361043858315,126.4869713111704,128.22595835379073,97918500
2021-02-18,126.72142028808594,127.00473197716651,124.47441051012312,126.22316141432486,96856700
2021-02-19,126.87771606445312,127.69837331294384,125.8323772289022,127.23920118949448,87668800
2021-02-22,123.0969009399414,126.73119158884104,122.70611563671171,125.06058423119387,103916400
2021-02-23,122.96013641357422,123.79055058664284,115.66224697568336,120.90852273493111,158273000
2021-02-24,122.46187591552734,122.66703652293154,119.41376694425402,122.06132638305527,111039900
2021-02-25,118.20233917236328,123.5463093432761,117.76271033657684,121.80732245880864,148199500
2021-02-26,118.46610260009766,121.97338337699165,118.4074799658281,119.76545297759803,164560400
2021-03-01,124.84564208984375,124.98241580897377,119.96084511060396,120.89872523618496,116307900
2021-03-02,122.23717498779297,125.75422768741775,122.12970884679918,125.45137262840403,102260900
2021-03-03,119.24768829345703,122.81359238107353,119.03275598545011,121.9343272363227,112966300
2021-03-04,117.3621597290039,120.75221089719713,115.88695602840484,118.94483704068907,178155000
2021-03-05,118.6224136352539,119.13043671901423,114.86112127502149,118.19255654931327,153766600
2021-03-08,113.67900848388672,118.21209998624401,113.53246306756205,118.1437131191071,154376600
2021-03-09,118.3000259399414,119.24767787685906,116.05302349253789,116.28749169278657,129525800
2021-03-10,117.21560668945312,119.35514297345402,116.69781188193637,118.88620657707422,111943300
2021-03-11,119.14997863769531,120.37117800154545,118.466109975383,119.71661693138803,103026500
2021-03-12,118.24141693115234,118.37819067624436,116.41450728444738,117.62593507823823,88105100
2021-03-15,121.13319396972656,121.14296565074109,117.64544920841006,118.61264438141345,92403800
2021-03-16,122.67680358886719,124.28878824765125,121.8463895081631,122.80380564002117,115227900
2021-03-17,121.8854751586914,122.96012916956329,119.52122739044147,121.19183477482309,111932600
2021-03-18,117.75291442871094,120.34185831050887,117.5477538506436,120.04876751120773,121229700
2021-03-19,117.22535705566406,118.63218098565969,116.92250202491563,117.1374342868437,185549500
2021-03-22,120.54705047607422,121.01599438711385,117.48916945845421,117.55755633572973,111912300
2021-03-23,119.71662902832031,121.37745734953342,119.32584370167895,120.4884279986942,95467100
2021-03-24,117.32306671142578,120.06832806693622,117.30353080035886,119.99016951544908,88530500
2021-03-25,117.81153106689453,118.85688478567056,116.25816919073374,116.78572816384742,98844700
2021-03-26,118.4172592163086,118.68104245336015,116.18002108358161,117.57707345629376,94071200
2021-03-29,118.59312438964844,119.75570869039201,117.94833493419104,118.84713597082144,80819200
2021-03-30,117.137451171875,117.6259309453577,116.12141234859779,117.34261178230456,85671900
2021-03-31,119.3355941772461,120.67402380710459,118.35863476106496,118.84711446915553,118323800
2021-04-01,120.16603088378906,121.31884351073731,119.66777940043077,120.81082779797158,75089100
2021-04-05,122.99920654296875,123.25321810824464,120.23440927913929,121.01597988601445,88651200
2021-04-06,123.30206298828125,124.20086397868832,122.75496802953083,123.58538215009409,80171300
2021-04-07,124.953125,124.97266091095268,122.2567146183403,122.93081907715764,83466700
2021-04-08,127.35643005371094,127.38573764361068,125.55882830617732,125.97891369955215,88844600
2021-04-09,129.93560791015625,129.97467972929905,126.48694221609573,126.80934062609239,106686700
2021-04-12,128.21617126464844,129.78907666965299,127.62022536816302,129.4666782429754,91420000
2021-04-13,131.33267211914062,131.55738356076128,128.89027311455447,129.38853205211115,91266500
2021-04-14,128.9879608154297,131.88953170552884,128.62649057291716,131.83091652103695,87222800
2021-04-15,131.40106201171875,131.88954179614893,130.56087618621004,130.7367366603593,89347100
2021-04-16,131.06890869140625,131.56715274048923,130.20917943913344,131.20568244452048,84922400
2021-04-19,131.73324584960938,132.34873524717673,130.26780626090414,130.43388762542403,94264200
2021-04-20,130.04307556152344,132.40731568848526,128.7730252699242,131.90907172571517,94812300
2021-04-21,130.42410278320312,130.66834267605557,128.27479470754565,129.3103694680848,68847100
2021-04-22,128.9000701904297,131.05914286292207,128.38228272197372,129.97471695767567,84566500
2021-04-23,131.2252197265625,132.0067754754205,129.11498342731704,129.11498342731704,78657500
2021-04-26,131.61598205566406,131.9481447004186,130.48270548356416,131.72344819452212,66905100
2021-04-27,131.29359436035156,132.2900972832069,131.02004687677868,131.89930451580292,66015800
2021-04-28,130.5022430419922,131.90906701274747,130.01376332476983,131.21541925511582,107760100
2021-04-29,130.40452575683594,133.9118210423569,129.39825885060606,133.32563948793228,151101000
2021-04-30,128.43112182617188,130.4827281416953,128.05010815991602,128.74374116163304,109839500
2021-05-03,129.48617553710938,130.98093694004785,128.79254280103686,128.99769590040995,75135100
2021-05-04,124.9042739868164,128.4604135210105,123.78076904048892,128.1673226815826,137564700
2021-05-05,125.14852142333984,127.44436736840763,125.02151191446714,126.22316795915263,84000900
2021-05-06,126.75074768066406,126.7605119103582,124.2008749981171,124.9433664034469,78128300
2021-05-07,127.42599487304688,128.45353294404637,126.71159220501285,128.0523104766034,78973300
2021-05-10,124.13782501220703,126.77030517991771,124.09867935425044,126.64309485753276,88071200
2021-05-11,123.2179183959961,123.57021435708376,120.14504795375875,120.859443088754,126142800
2021-05-12,120.14505004882812,121.97507024694492,119.63617145947643,120.7615847905906,112172300
2021-05-13,122.29801177978516,123.45278244324763,121.6031932189441,121.91635098532697,105861300
2021-05-14,124.7249755859375,125.15557029034093,123.15918684211091,123.55063589463498,81918000
2021-05-17,123.5702133178711,124.21610541801878,122.49373395056179,124.10845673466083,74244600
2021-05-18,122.18058776855469,124.27483195315345,122.11208473321811,123.85402546000861,63342900
2021-05-19,122.02400207519531,122.24908025776814,120.23312756354261,120.52671624181265,92612000
2021-05-20,124.58797454833984,124.98921189653866,122.42522759234049,122.55245283263278,76857100
2021-05-21,122.7481918334961,125.26324257721592,122.53289444071314,125.08709084369087,79295400
2021-05-24,124.3824691772461,125.20451299175396,123.24727505830785,123.31577808732766,63092900
2021-05-25,124.18675231933594,125.57639697063634,123.61915150868299,125.08708000544519,72009500
2021-05-26,124.13782501220703,124.6662801952147,123.71701852201225,124.24547370501993,56575900
2021-05-27,122.60138702392578,124.91092845931593,122.40566621059594,123.73658864679605,94625600
2021-05-28,121.94572448730469,123.11028358487435,121.88700973155196,122.88519791070377,71311100
2021-06-01,121.62277221679688,122.66989428337132,121.29004532941373,122.40567042964182,67637100
2021-06-02,122.38607788085938,122.56222958242566,121.39767816243663,121.62275632949539,59278900
2021-06-03,120.89859008789062,122.1805785667547,120.49735272094428,122.01421513150538,76229200
2021-06-04,123.19834899902344,123.46258031804118,121.20196528333545,121.41726266438081,75169300
2021-06-07,123.20812225341797,123.61914040368376,122.16100031844385,123.47234607394033,71057600
2021-06-08,124.0301742553711,125.7134076544098,123.51150736205156,123.89316818793841,74403800
2021-06-09,124.41181945800781,125.01856587063828,123.81486132504213,124.49011076278654,56877900
2021-06-10,123.41363525390625,125.44916444320808,123.24727182583149,124.30417460780706,71186400
2021-06-11,124.62712097167969,124.71520055906231,123.40384729220447,123.82465373659475,53522400
2021-06-14,127.69020080566406,127.74891555547661,124.3531139538749,125.0870781916131,96906500
2021-06-15,126.86813354492188,127.8076141107375,126.62347885859393,127.16172215502282,62746300
2021-06-16,127.36724853515625,128.0914319234411,125.71339507680855,127.58254589565877,91815000
2021-06-17,128.97218322753906,129.71594317700723,126.87793929818906,127.02474109836618,96721700
2021-06-18,127.6706314086914,128.69816933296693,127.45533405078574,127.91528613971695,108953300
2021-06-21,129.47129821777344,129.57894690634825,126.44736905581905,127.51406019462506,79663300
2021-06-22,131.11537170410156,131.21323957880873,128.80583022689916,129.30493548234813,74783600
2021-06-23,130.8413543701172,131.4481082905956,130.38140225586088,130.90986486619562,60214200
2021-06-24,130.5575714111328,131.76126866490313,130.087823514383,131.57532865567404,68711000
2021-06-25,130.26397705078125,131.0272986841677,129.97038836120007,130.6064996773828,70783700
2021-06-28,131.89825439453125,132.35820647299622,130.4988365325281,130.5575512774318,62111300
2021-06-29,133.4151153564453,133.57169796299607,131.47745413113225,131.9178296460844,64556100
2021-06-30,134.03164672851562,134.47202223259774,132.9649408136906,133.25852946059163,63261400
2021-07-01,134.33505249023438,134.3937672489735,132.85732804343257,133.6793794634092,52485800
2021-07-02,136.967529296875,137.00666748869628,134.80477461834224,134.95156150334915,78852600
2021-07-06,138.98345947265625,140.08928866847637,137.07515561633554,137.07515561633554,108181800
2021-07-07,141.4789581298828,141.7921084496811,139.60979222790235,140.47096680675352,104911600
2021-07-08,140.17733764648438,140.97979715650345,137.6622806049783,138.55282714024167,105575500
2021-07-09,142.0074005126953,142.53584819056374,139.59999125619547,139.69785912702397,99890800
2021-07-12,141.41046142578125,143.1915553739894,140.92115187067475,143.08390667456425,76299700
2021-07-13,142.52603149414062,144.30712475353545,140.55901321904506,140.9504547387286,100827100
2021-07-14,145.96102905273438,146.3720622048418,144.5224578179845,144.93349097009192,127050800
2021-07-15,145.30532836914062,146.79283326062594,143.9450487115604,146.04908828115288,106820300
2021-07-16,143.26002502441406,146.55796605066817,142.76093474422927,145.28577338362382,93251400
2021-07-19,139.404296875,140.98967007423758,138.64097512195883,140.6765047742497,121434600
2021-07-20,143.02513122558594,143.954831028877,139.90334980611553,140.39265920467386,96350000
2021-07-21,142.2911834716797,143.0055860270602,141.53765766277516,142.41840870833036,74993500
2021-07-22,143.66123962402344,145.03129994046702,142.69240165790706,142.81962687748307,77338200
2021-07-23,145.38363647460938,145.54021909866026,143.77870190944023,144.39523665880247,71447400
2021-07-26,145.80442810058594,146.62646435226154,144.54200141958395,145.0998213327101,72434100
2021-07-27,143.63189697265625,146.0197294253044,142.43798074633216,145.93164237751336,104818600
2021-07-28,141.8801727294922,143.82762983683932,139.49234007637435,141.71380929809172,118931200
2021-07-29,142.52603149414062,143.41657812383804,141.48869802769607,141.59634668548958,56699500
2021-07-30,142.74136352539062,143.2013156357775,141.02878032832388,141.29301163126834,70440600
2021-08-02,142.40863037109375,143.8080482684257,142.14439907981702,143.23066668557712,62880000
2021-08-03,144.2093048095703,144.87475860058453,142.07590750079174,142.6924422849986,64786600
2021-08-04,143.80809020996094,144.63012676419075,143.15241712985784,144.12125552540704,56368300
2021-08-05,143.9156951904297,144.67901674920688,143.044724953746,143.83740388535773,46397700
2021-08-06,143.22964477539062,144.1803285775889,142.729806727241,143.43546923928326,54126800
2021-08-09,143.1806182861328,143.77847075197207,142.62197759620048,143.28842823751074,48908700
2021-08-10,142.7003936767578,144.7683737944324,142.4063651616791,143.52366155504902,69023100
2021-08-11,142.95523071289062,143.79810459984787,142.63180079586957,143.14144929737975,48493500
2021-08-12,145.92486572265625,146.08168292330208,142.93560326308238,143.27863902013124,72282600
2021-08-13,146.1306915283203,146.46391686661144,145.31721911667208,146.00327568224543,59375000
2021-08-16,148.11044311523438,148.17905624484246,143.55305376409413,145.58182197453553,103296000
2021-08-17,147.19898986816406,148.6593071585842,146.12089023001082,147.23818669368217,92229700
2021-08-18,143.44525146484375,147.7184229688791,143.239427019952,146.81674649893367,86326000
2021-08-19,143.7785186767578,145.05263263003178,141.62233388540264,142.1417779274818,86960300
2021-08-20,145.23886108398438,145.5426851720282,143.85693704973662,144.503797017459,60549600
2021-08-23,146.72857666015625,147.19901341619334,144.9448142380219,145.3564482689187,60131800
2021-08-24,146.64031982421875,147.85563066525273,146.17967865612022,146.4737071609571,48606400
2021-08-25,145.40542602539062,147.32639940143548,144.85658076220975,146.8265464293222,58991300
2021-08-26,144.6017303466797,146.15026639872048,144.57232899388038,145.39561173699119,48597200
2021-08-27,145.6407012939453,145.78770812689643,143.9059458905376,144.54299543988165,55802400
2021-08-30,150.07066345214844,150.43330519965164,145.65048392374376,146.0327166106354,90956700
2021-08-31,148.8063507080078,149.7570346314379,148.27709627902888,149.6198232896498,86453100
2021-09-01,149.4727783203125,151.89358979635324,149.30616564221367,149.7864127413778,80313700
2021-09-02,150.59007263183594,151.63877088807703,149.36496623243957,150.80569255452266,71115500
2021-09-03,151.22714233398438,151.5505722295667,150.04123271684918,150.6978879757905,57808700
2021-09-07,153.5695343017578,154.1281750234367,151.31533561615151,151.88378675982,82278300
2021-09-08,152.02099609375,153.91255310407425,150.91349517698131,153.8537503925487,74420200
2021-09-09,151.00172424316406,153.00109134257815,150.88410385737802,152.39344334318108,57305700
2021-09-10,146.00328063964844,152.38362934848664,145.73865347147373,151.9131926811076,140893200
2021-09-13,146.57177734375,148.40453229097287,145.7877060178806,147.6302713904362,102404300
2021-09-14,145.17022705078125,148.06149059395435,143.98433223540385,147.35582799517005,109296300
2021-09-15,146.0620880126953,146.46392651146115,143.45505793692854,145.60144679799546,83281300
2021-09-16,145.8268585205078,146.0032816187781,144.28813265765052,145.48383770122956,68034100
2021-09-17,143.15122985839844,145.85627435363685,142.85720133218834,145.85627435363685,129868800
2021-09-20,140.09339904785156,141.95555518736737,138.4566583461915,140.9362730273505,123478900
2021-09-21,140.5736083984375,141.72032120475433,139.93655902151735,141.0636509821954,75834000
2021-09-22,142.9454345703125,143.5138708346114,140.83824238540038,141.5733062965506,76404300
2021-09-23,143.9059295654297,144.15095089583022,142.73962563993675,143.72950643098542,64838200
2021-09-24,143.9940948486328,144.53314462122253,142.66117857227965,142.75919305999093,53477900
2021-09-27,142.47500610351562,143.05326784019874,140.95588573699447,142.57302062293067,74150700
2021-09-28,139.08387756347656,141.8673156069312,138.86825764906274,140.39718798406145,108972300
2021-09-29,139.98556518554688,141.57329835904048,139.20149406663066,139.63273392978022,74602000
2021-09-30,138.68206787109375,141.50471827835372,138.4664479119328,140.79905567653873,89056700
2021-10-01,139.80914306640625,140.07377024882607,136.3396481559879,139.07407919128337,94639600
2021-10-04,136.36904907226562,139.3779177030337,135.51637976546095,138.93686741546034,98322000
2021-10-05,138.29983520507812,139.40733636302537,136.58468595582545,136.7121018284855,80861100
2021-10-06,139.1720733642578,139.31908013584734,135.6143599426846,136.69245945071,83221100
2021-10-07,140.43641662597656,141.34790373522623,139.87777577926832,140.2110011934392,61732700
2021-10-08,140.0541534423828,141.3086611617573,139.7209281008109,141.16165438015548,58773200
2021-10-11,139.9659881591797,141.92615888324616,138.98590279714645,139.4367486438447,64452200
2021-10-12,138.6918487548828,140.3972023557475,138.2312075228374,140.37759646472705,73035900
2021-10-13,138.10379028320312,138.5840223945528,136.42783823964862,138.42722014967543,78762700
2021-10-14,140.8970489501953,141.0146693485301,138.69185715657107,139.27991428350313,69907100
2021-10-15,141.9555206298828,142.01432334240727,140.6520056675818,140.90683736173654,67940300
2021-10-18,143.63148498535156,143.91570310514462,140.3089968495944,140.59321496938745,85589200
2021-10-19,145.7974395751953,146.19927801536315,143.6314600946123,144.0822908209725,76378900
2021-10-20,146.28753662109375,146.76778383510856,145.17023989994465,145.7386912078859,58418800
2021-10-21,146.5031280517578,146.65994526923677,144.92519031879408,145.84647277784177,61421000
2021-10-22,145.72886657714844,147.18918391188018,145.6798593275794,146.7089517488773,58883400
2021-10-25,145.6798553466797,146.3953133151153,144.68016431145858,145.71905217231605,50720600
2021-10-26,146.34632873535156,147.83604746665293,146.042489762277,146.35612420354883,60893400
2021-10-27,145.88565063476562,146.7481152205126,145.5328194549434,146.38548857496818,56094900
2021-10-28,149.53158569335938,150.11962775999444,146.73833727338112,146.8363517619426,100077900
2021-10-29,146.81674194335938,146.9539532507259,143.49425425685249,144.2881207462525,124953200
2021-11-01,145.9934844970703,146.71873790698544,144.85658218082636,146.02288585396352,74588300
2021-11-02,147.03237915039062,148.55151413172558,145.6896523186095,145.69946274130425,69122000
2021-11-03,148.47312927246094,148.94356603476174,146.83638859629943,147.3950294474851,54511500
2021-11-04,147.9536895751953,149.3944012671414,147.6400550878904,148.56133770070423,60394600
2021-11-05,148.4836883544922,149.3866809675717,147.28623804705754,149.08241350820953,65463900
2021-11-08,147.6592254638672,148.76834300613436,147.38440226384824,148.6112968984832,55020900
2021-11-09,148.02235412597656,148.63088895973019,147.2862174812468,147.42362905586018,56787900
2021-11-10,145.18577575683594,147.35493167322633,145.11707745747125,147.2469643655917,65187100
2021-11-11,145.13671875,146.6678808138986,144.95022837459734,146.2065822230877,41000000
2021-11-12,147.21751403808594,147.61992400748895,144.75390056803062,145.68633729009179,63804000
2021-11-15,147.22732543945312,149.0725793775171,146.66785441394896,147.59048138298093,59222800
2021-11-16,148.20887756347656,148.6898256703758,146.57955783160577,147.16847326957455,59256200
2021-11-17,150.65284729003906,152.13493057693609,148.19905808718525,148.20886785237,88807000
2021-11-18,154.95184326171875,155.73705863714747,150.22094645963304,150.86875026761706,137827700
2021-11-19,157.5823211669922,158.04363466373403,153.63662454715842,154.7359171470172,117305600
2021-11-22,158.0436553955078,162.6371414846842,158.0240208888666,158.6914443472637,117467900
2021-11-23,158.4264373779297,158.8092278647629,156.11986971576832,158.14178946554063,96041900
2021-11-24,158.9466552734375,159.14295541860696,156.68916616213605,157.77864919107878,69463600
2021-11-26,153.91146850585938,157.48418491516793,153.46978945346842,156.62046131710616,76959800
2021-11-29,157.27804565429688,158.2104823634522,155.85483622919187,156.42411700388635,88748200
2021-11-30,162.24452209472656,162.46045671211468,156.96396368598957,157.03267696276697,174048100
2021-12-01,161.72433471679688,167.15211495820313,161.4887655737255,164.38423368988907,152052500
2021-12-02,160.73297119140625,161.16484040312477,154.8831472601401,155.80577421667738,136739200
2021-12-03,158.8484649658203,161.91080351077787,156.76765689784938,160.98817654426608,118023100
2021-12-06,162.26417541503906,164.77685309775336,161.24339074597364,161.25320051090569,107497000
2021-12-07,168.01580810546875,168.40842327282738,165.2283078125401,165.95463463960064,120405400
2021-12-08,171.84371948242188,172.70745783428183,167.54467720151092,168.94825202328335,116998900
2021-12-09,171.3332977294922,173.48281849925402,170.7051285755798,171.67683405384767,108923700
2021-12-10,176.13296508789062,176.3096456774387,171.4609563916024,171.971348678727,115402700
2021-12-13,172.4915771484375,178.76346196831642,172.28545225851812,177.77212151103643,153237000
2021-12-14,171.10760498046875,174.4545765485848,169.02679683922992,172.01059747528444,139380400
2021-12-15,175.98574829101562,176.18204841367742,169.12494892495155,171.87319557243478,131063300
2021-12-16,169.07583618164062,177.79169766275191,167.59375333005408,175.96607843297147,150185800
2021-12-17,167.97657775878906,170.26351088458148,166.55338314622006,166.7889373031069,195432700
2021-12-20,166.6122589111328,167.42691858696432,164.3645949683115,165.16942990386642,107499100
2021-12-21,169.7923583984375,169.99846825027308,165.99388352764822,168.3887835557928,91185900
2021-12-22,172.39337158203125,172.60930617734536,168.96787729885477,169.8414254429029,92135300
2021-12-23,173.0215606689453,173.5810317235857,172.03023535098566,172.59951616954052,68356600
2021-12-27,176.99673461914062,177.085067441037,173.79699870871303,173.81661824019562,74919600
2021-12-28,175.9759521484375,177.97825266451065,175.23000557040066,176.82988103473713,79144300
2021-12-29,176.06430053710938,177.29119522816015,174.84721561195994,176.01522175411898,62348900
2021-12-30,174.90606689453125,177.23226891731628,174.79809958565312,176.15259582853517,59773000
2021-12-31,174.28773498535156,175.91703952431234,173.9834525641687,174.79811232201894,64062300
2022-01-03,178.64559936523438,179.49952788433262,174.4250954384061,174.54287248514984,104487900
2022-01-04,176.3783416748047,179.55845745447346,175.8090608575143,179.25419002967348,99310400
2022-01-05,171.6867218017578,176.83967914737053,171.41189860813105,176.29003276011701,94537600
2022-01-06,168.8206787109375,172.05968310015797,168.46733250526367,169.50773661732023,96904000
2022-01-07,168.98753356933594,170.9211204367095,167.86860642072668,169.69422597653536,86709100
2022-01-10,169.0071563720703,169.31142378084766,165.06145986786478,165.95464256744464,106765600
2022-01-11,171.84371948242188,171.94186203720994,167.66246923468782,169.13474234713826,76138300
2022-01-12,172.28541564941406,173.90491024436494,171.58854802680634,172.8645062038037,74805200
2022-01-13,169.0071563720703,173.3552628490283,168.614541185956,172.5307934232952,84505800
2022-01-14,169.87091064453125,170.56777832766494,167.92749898971087,168.17287788763613,80440800
2022-01-18,166.66136169433594,169.3507050116675,166.2785711868531,168.33974508224512,90956700
2022-01-19,163.15733337402344,167.91769000661554,162.87270044087128,166.85765136543813,94815000
2022-01-20,161.46914672851562,166.54358123585433,161.14524474165466,163.89349177041368,91420500
2022-01-21,159.407958984375,163.25549850314817,159.29999166470387,161.38080003283116,122848900
2022-01-24,158.63253784179688,159.29997620135896,151.84045205683918,157.06212195335075,162294600
2022-01-25,156.82655334472656,159.7514654895658,154.1175758189767,156.04133790955973,115798400
2022-01-26,156.73826599121094,161.35138741753042,154.90283617344545,160.4778389239864,108275300
2022-01-27,156.2769012451172,160.8114981245685,155.35427426622283,159.44719215998208,121954600
2022-01-28,167.18154907226562,167.2011835771804,159.79073801782928,162.64695192499494,179935700
2022-01-31,171.54931640625,171.76525106286834,166.37672436646918,167.0147185707475,115541600
2022-02-01,171.3824462890625,171.6081906924981,169.12495732448602,170.79353091508946,86213900
2022-02-02,172.58970642089844,172.62897543344508,170.1261075578704,171.51985796847407,84914300
2022-02-03,169.7040557861328,172.98232955327137,168.9384747506924,171.2548523641826,89418100
2022-02-04,169.41905212402344,171.09958880025067,167.7385154477962,168.72128157532018,82465400
2022-02-07,168.70164489746094,170.9521728360201,168.00387431629863,169.88096130618518,77251200
2022-02-08,171.81698608398438,172.3280286162116,168.47557259889186,168.77040540578523,74829200
2022-02-09,173.2419891357422,173.60560775677658,171.885767258212,173.01595715476017,71285000
2022-02-10,169.1536865234375,172.45578102776864,168.59351767675065,171.13887812913805,90865900
2022-02-11,165.7336883544922,170.09717260247885,165.14402264688573,169.3600979658817,98670700
2022-02-14,165.96951293945312,166.65744608251217,163.68948881295134,164.4855268067638,86185500
2022-02-15,169.8121337890625,169.969379951066,167.3159146994891,168.02350743268553,62527400
2022-02-16,169.57627868652344,170.3526572392932,167.11936365193407,168.88834547600229,61177400
2022-02-17,165.96951293945312,168.94729246969413,165.5665753142979,168.08245366366685,69589300
2022-02-18,164.41676330566406,167.6009157130797,163.32589238939244,166.893337952625,82772700
2022-02-22,161.48812866210938,163.81727946148703,159.35551308277192,162.1367428748668,91162800
2022-02-23,157.31137084960938,163.28657531432245,156.9968785115613,162.68708741626082,90009200
2022-02-24,159.93533325195312,160.04343810435978,149.38042173851366,149.95042777885615,141147500
2022-02-25,162.00901794433594,162.27435402769208,158.09759757776467,161.0164144612621,91974200
2022-02-28,162.27432250976562,162.56915531871957,159.63067948265063,160.24982688187194,95056600
2022-03-01,160.38742065429688,163.72883431123614,159.17862257926774,161.86156976875884,83474400
2022-03-02,163.6895294189453,164.4757453471119,160.14174297698963,161.5569286485252,79724800
2022-03-03,163.36520385742188,165.9990247912093,162.69693011047048,165.56660530985462,76678400
2022-03-04,160.35794067382812,162.69692876038988,159.30638875818744,161.65519910712737,83737200
2022-03-07,156.55462646484375,162.17604917250483,156.2990977080652,160.54465401699207,96418800
2022-03-08,154.72669982910156,160.0729499038518,153.1149639973743,156.08292186895505,131148300
2022-03-09,160.14173889160156,160.59381791240634,156.66275336768058,158.69707147174915,91454900
2022-03-10,155.7880859375,157.62585374072557,153.2918516527838,157.43912578291366,105342000
2022-03-11,152.06336975097656,156.53495777871652,151.83733778352595,156.19098370126798,96970100
2022-03-14,148.0242156982422,151.4638968278343,147.51318815597864,148.83991330847238,108732100
2022-03-15,152.4171600341797,152.88889846379408,147.78834103669755,148.29936850838678,92964300
2022-03-16,156.8396453857422,157.24258310394316,151.79806526213048,154.34342597712845,102300200
2022-03-17,157.85186767578125,158.2253235486575,154.91340697863026,155.87651344487975,75615400
2022-03-18,161.1539764404297,161.6453594768953,157.00670241299437,157.74377696769278,123511700
2022-03-21,162.5298614501953,163.48314576119236,160.20069560988745,160.6920786569655,95811400
2022-03-22,165.9105987548828,166.500249483335,162.0679792751401,162.65763000359232,81532000
2022-03-23,167.27664184570312,169.6647565186416,164.7607477720155,165.09489967753055,98062700
2022-03-24,171.07009887695312,171.1388847047802,167.27662120536306,168.11196337652208,90131400
2022-03-25,171.70887756347656,172.25922412685,169.7728273342969,170.88335771841636,80546200
2022-03-28,172.57371520996094,172.70146459251646,169.03575161959526,169.20282003972102,90371900
2022-03-29,175.87583923339844,175.92496554492044,173.3009816876461,173.6449558432296,100589400
2022-03-30,174.7063446044922,176.51463074136956,173.65477761444038,175.47290101025155,92633200
2022-03-31,171.60081481933594,174.9618735812638,171.39442730950734,174.77514559518622,103049300
2022-04-01,171.3059539794922,171.86613784627107,168.97680315531144,171.0307806751932,78751300
2022-04-04,175.36477661132812,175.41391791306214,171.43371240572407,171.56147679106857,76468400
2022-04-05,172.0430450439453,175.22721286513178,171.4140752886788,174.44099692209318,73401800
2022-04-06,168.8686981201172,170.6376800716011,167.19799877542366,169.3895629453013,89058800
2022-04-07,169.17335510253906,170.37233093887772,166.9228273416991,168.21024852764788,77594700
2022-04-08,167.15867614746094,168.8195531941642,166.28401495074868,168.8195531941642,76575500
2022-04-11,162.89346313476562,166.1169343880837,162.64777163682479,165.80245706854532,72246700
2022-04-12,164.77056884765625,166.94247354315863,163.76814322121325,165.12436524547022,79265200
2022-04-13,167.46331787109375,168.0922875017565,163.89588754215904,164.5051976542895,70618900
2022-04-14,162.44139099121094,168.318342665353,162.1956994829688,167.67953574643167,75329400
2022-04-18,162.2252197265625,163.72885077484435,160.75107046386879,161.09502962767093,69023900
2022-04-19,164.51502990722656,164.92780484237912,161.0851860080734,162.17605691767423,67723800
2022-04-20,164.34796142578125,165.9695343967265,163.23744599263426,165.851592274227,67929800
2022-04-21,163.55194091796875,168.57387654535995,163.05073557985884,165.99903403048015,87227800
2022-04-22,159.00172424316406,164.97694406303006,158.7167286660117,163.5912552281569,84882400
2022-04-25,160.07290649414062,160.35790199256576,155.72908323535023,158.34322900030483,96046400
2022-04-26,154.09776306152344,159.54228191454368,154.0191399558703,159.4538365441179,95623200
2022-04-27,153.87168884277344,157.0361817522216,152.70219483485,153.22305964573388,88063200
2022-04-28,160.81980895996094,161.68464773816672,156.19097503946796,156.50546732093093,130216800
2022-04-29,154.93304443359375,163.335696219265,154.53994405594406,159.05083612128337,131747600
2022-05-02,155.23776245117188,155.5030985399753,150.6285863689419,154.00930464656145,123055300
2022-05-03,156.7314910888672,157.94030386230273,153.62596244863536,155.42441072947057,88966500
2022-05-04,163.15882873535156,163.61089273431188,156.5153204398764,156.91825813151257,108256500
2022-05-05,154.0682373046875,161.2522547050873,152.2795959021098,161.0262227132276,130525300
2022-05-06,154.79653930664062,156.92243639704813,151.74548246293438,153.54658846859752,116124600
2022-05-09,149.6589813232422,153.36945750408893,149.0979893908198,152.48365942752434,131577900
2022-05-10,152.07029724121094,154.2650965784608,150.5152434800802,153.0643590542694,115366700
2022-05-11,144.18678283691406,152.99546042303857,143.5076754500473,151.07625368918983,142689800
2022-05-12,140.30897521972656,143.89149901958908,136.60835102555794,140.51566592761506,182602000
2022-05-13,144.78713989257812,145.7615132406745,140.85029972421802,142.3069263815123,113990900
2022-05-16,143.24192810058594,145.19067486728656,141.90340179419994,143.25177981278947,86643800
2022-05-17,146.8834991455078,147.40512922042456,144.36390904477065,146.5094945567554,78336300
2022-05-18,138.59646606445312,145.0331931657119,137.69097960525806,144.5312514480339,109742900
2022-05-19,135.18124389648438,139.4231864175674,134.4430864271214,137.6712938917074,136095600
2022-05-20,135.41744995117188,138.47834364409812,130.51608836864122,136.89376494741566,137426100
2022-05-23,140.8502960205078,140.99792151579808,135.47650272414663,135.61429152570187,117726300
2022-05-24,138.1437225341797,139.72830130754187,135.16156729888525,138.58661405091433,104132700
2022-05-25,138.3012237548828,139.5511599163244,136.15563767475544,136.24421298990842,92482700
2022-05-26,141.50970458984375,142.06085975579472,134.97455116041425,135.2206036464889,90601500
2022-05-27,147.27716064453125,147.31652243048762,142.96631671656453,143.09426880216094,90978500
2022-05-31,146.4898223876953,148.28109191355486,144.5214022588055,146.71620151537235,103718400
2022-06-01,146.36187744140625,149.3440325752995,145.34812731297455,147.5330747402819,74286600
2022-06-02,148.82240295410156,148.8814531521364,144.5410833823405,145.49576829817823,72348100
2022-06-03,143.08447265625,145.63357327354205,142.17900114416437,144.58046123211946,88570300
2022-06-06,143.83245849609375,146.2240967666152,142.61203260738884,144.70840485443364,71598400
2022-06-07,146.36187744140625,146.64729173693155,141.82466868695218,142.07072118986648,67808200
2022-06-08,145.62371826171875,147.50354794884595,145.13161326153673,146.23392365623158,53950200
2022-06-09,140.38772583007812,145.61387897508678,140.27946212008615,144.75762100742102,69473000
2022-06-10,134.96473693847656,138.53740941897706,134.89583502233484,138.06499277205677,91437900
2022-06-13,129.79762268066406,133.0651921487905,129.3645678675484,130.77198099232118,122207100
2022-06-14,130.6637420654297,131.7759044083777,129.40395419813282,131.02791005525017,84784300
2022-06-15,133.2915496826172,135.1713943388265,130.07319387777778,132.16955091202541,91533000
2022-06-16,128.00636291503906,130.29957424502024,127.00246441029934,129.99447151756362,108123900
2022-06-17,129.482666015625,130.97866943008026,127.76029850473763,128.01620271778103,134520300
2022-06-21,133.72463989257812,134.8958524756881,131.21491580632122,131.31332781915805,81000500
2022-06-22,133.21286010742188,135.5847953387102,131.79559497900595,132.6616897658164,73409200
2022-06-23,136.08673095703125,136.40167037101077,133.48841696582116,134.65962935518908,72433800
2022-06-24,139.4231719970703,139.66922446140885,137.56301596738504,137.69095303670267,89116800
2022-06-27,139.4231719970703,141.22427783817045,138.74406479263988,140.44674364086436,70207900
2022-06-28,135.269775390625,141.15534483570679,135.15167503947836,139.88572100733853,67083400
2022-06-29,137.03155517578125,138.4488199898158,134.51197995876558,135.28951427489562,66242400
2022-06-30,134.5612030029297,136.1851436237319,131.65778627775248,135.08283314259847,98964500
2022-07-01,136.7362823486328,136.84454604479996,133.51792659665477,133.89191616880768,71051600
2022-07-05,139.3247528076172,139.3739663068114,134.76785610712872,135.59460384717786,73353800
2022-07-06,140.66329956054688,141.84434862551257,138.85235665974255,139.11809758016227,74064300
2022-07-07,144.0391387939453,144.23597778940012,141.0176069003368,141.0274435938611,66253700
2022-07-08,144.71823120117188,145.22018791054785,142.7104494172261,142.96633860975416,64547800
2022-07-11,142.58250427246094,144.3245602553875,141.50971892875648,143.36987531125314,63141600
2022-07-12,143.55686950683594,146.10596977247354,142.7596618190989,143.4584425008562,77588800
2022-07-13,143.19273376464844,144.13756705664937,139.87593549444708,140.732208499025,71185600
2022-07-14,146.12567138671875,146.5980880188513,140.9880935814835,141.80498974783282,78140700
2022-07-15,147.798828125,148.47793549322745,145.85993303693337,147.41498678876548,76259900
2022-07-18,144.74778747558594,149.17673295190042,144.3836195242813,148.35983676190435,81420900
2022-07-19,148.61572265625,148.8420867705286,144.59030701772662,145.58435379595355,82982400
2022-07-20,150.6234893798828,151.29275997844778,147.99565052411046,148.73380801228873,64823400
2022-07-21,152.8970489501953,153.1135763791581,149.5408888191267,152.06046433667046,65086600
2022-07-22,151.6569366455078,153.81235925179797,150.98768095986142,152.93641282919904,66675400
2022-07-25,150.53489685058594,152.5918918778492,149.87547803878698,151.57815691157685,53623900
2022-07-26,149.2062225341797,150.67268563136525,148.4188516333692,149.85578963583632,55138700
2022-07-27,154.3142852783203,154.84576710893515,149.75740301368916,150.17076942758217,78620700
2022-07-28,154.86544799804688,155.1508622874104,151.97186822338708,154.50128008945563,81378700
2022-07-29,159.9439697265625,161.04629519406532,156.98150288420325,158.69403377664,101786900
2022-08-01,158.9597625732422,161.00692131549803,158.34955713719083,158.4676575395611,67829400
2022-08-02,157.48345947265625,159.84557282503414,157.10946983070068,157.57204979903847,59907000
2022-08-03,163.50680541992188,163.95953359141228,158.2117510307237,158.30032632281717,82507500
2022-08-04,163.1918487548828,164.55006328617097,161.83363422359466,163.38868774052628,55474100
2022-08-05,162.96517944335938,163.45796799318663,160.64906724368603,160.85604505164724,56697000
2022-08-08,162.49209594726562,165.38969510382904,161.83176107750737,163.97046163622954,60276900
2022-08-09,162.5413818359375,163.42841029450733,160.89546979944944,161.65436841608152,63135500
2022-08-10,166.799072265625,166.89762095148,164.49281044366623,165.26155937141485,70170500
2022-08-11,166.05992126464844,168.52386446381027,165.76424507300587,167.60726977358985,57149200
2022-08-12,169.6178436279297,169.68682621240507,166.9567731335436,167.3707287952548,68039400
2022-08-15,170.69210815429688,170.88922057556053,168.8786498167292,169.04619612673898,54091700
2022-08-16,170.53439331054688,171.2045935150572,169.18415758381616,170.28799905158363,56377100
2022-08-17,172.03250122070312,173.60941569871042,170.08106259876365,170.27817502867526,79542000
2022-08-18,171.6382293701172,172.3774121237158,170.623086258272,171.24400458368257,62290100
2022-08-19,169.0461883544922,171.23417071896347,168.83921054651765,170.53440436112984,70346300
2022-08-22,165.15316772460938,167.41013274664442,164.72936173644348,167.24258643834608,69026800
2022-08-23,164.8180694580078,166.2767345287208,164.24643288251994,164.67023889482752,54147100
2022-08-24,165.11373901367188,165.68537556627746,163.85220146265053,164.90677623350408,53841500
2022-08-25,167.57765197753906,167.68606604641604,165.92188987692106,166.34568075789667,51218200
2022-08-26,161.26014709472656,168.58299398508154,161.20101486509154,168.1099211092857,78961000
2022-08-29,159.05242919921875,160.55049548789057,157.5149314068537,158.82573564976346,73314000
2022-08-30,156.6180419921875,160.21539196498296,155.4452029761161,159.7916010808355,77906200
2022-08-31,154.9524383544922,158.2639781293564,154.87359037905333,157.99786809208942,87991100
2022-09-01,155.68174743652344,156.13510442872814,152.4391907285946,154.380778595495,74229900
2022-09-02,153.56277465820312,158.04715373707748,152.7348934543625,157.44595106884975,76957800
2022-09-06,152.30120849609375,154.82428314179882,151.47332744773013,154.2132302306796,73714800
2022-09-07,153.7106170654297,154.410368411757,151.3945047755551,152.587059729615,87449600
2022-09-08,152.23226928710938,154.1048600544352,150.47792793917256,152.40966597426606,84923800
2022-09-09,155.1002655029297,155.54378723487187,152.51805827855026,153.2276750032018,68028800
2022-09-12,161.0728759765625,161.89090686431402,157.00245233153106,157.2882631049793,104956000
2022-09-13,151.6211700439453,158.2245332834512,151.15794762648912,157.5937645718297,122656600
2022-09-14,153.0699920654297,154.83418366980385,151.3945138382118,152.557487712131,87965400
2022-09-15,150.17237854003906,153.0009950551444,149.19666683175186,152.41949313430064,90481100
2022-09-16,148.52647399902344,149.167108171916,146.23007742711988,149.0291279719984,162278800
2022-09-19,152.251953125,152.33080110123336,146.94955831205283,147.15652109079085,81474200
2022-09-20,154.63705444335938,155.80004334278618,150.8721574135687,151.18753429290712,107689800
2022-09-21,151.50289916992188,156.45049997062233,151.3846347411177,155.0706831334898,101696800
2022-09-22,150.53704833984375,152.24209247430875,148.73344048207258,150.18223999013938,86652500
2022-09-23,148.26039123535156,149.28540008508642,146.41736643191388,149.00943963447702,96029900
2022-09-26,148.59547424316406,151.55220575538115,147.48176722784044,147.50148298209515,93339400
2022-09-27,149.57119750976562,152.48851277634017,147.78730509985635,150.53707403917747,84442700
2022-09-28,147.6788787841797,148.46734352386844,142.75099295951767,145.5106120290712,146691400
2022-09-29,140.42503356933594,144.603886261403,138.65099162276434,143.99283321708396,128138200
2022-09-30,136.2067413330078,141.03607776050177,136.00962893649438,139.2423203631924,124925300
2022-10-03,140.39544677734375,141.00651477037042,135.7041054662748,136.21660973950978,114311700
2022-10-04,143.9928436279297,144.1111080866803,142.17937004103229,142.93826874168496,87830100
2022-10-05,144.2884979248047,145.2543744211321,140.94739177527688,141.99211625326663,79471000
2022-10-06,143.3324737548828,145.41204208560697,143.12551098076761,143.7069978739473,68402200
2022-10-07,138.06948852539062,141.03608513942643,137.43871980031912,140.4841493461153,85925600
2022-10-10,138.39474487304688,139.84354452092543,136.5714361256321,138.39474487304688,74899000
2022-10-11,136.97549438476562,139.31132222277216,136.22646123968164,137.8822234673554,77033700
2022-10-12,136.3447265625,138.33559643003326,136.1673299106835,137.1233408598166,70433700
2022-10-13,140.9276885986328,141.51902589270472,132.43200294708785,133.04307103462438,113224000
2022-10-14,136.3841552734375,142.43559768266257,136.19689323010235,142.22861988773633,88598000
2022-10-17,140.35604858398438,140.83897177317823,138.24691403880277,139.035378783641,85250900
2022-10-18,141.6767120361328,144.58416155365336,138.58200045824861,143.39162165141138,99136600
2022-10-19,141.78512573242188,142.85940118883795,139.45916311704835,139.6464251768979,61758300
2022-10-20,141.32191467285156,143.78585768272674,140.59258212799125,140.95725591977873,64522000
2022-10-21,145.14598083496094,145.7176175037476,140.59260324254777,140.80943146307777,86548600
2022-10-24,147.2945098876953,148.0632589024532,143.89427154723307,145.0671108242576,75981900
2022-10-25,150.14283752441406,150.2906831379681,147.20582147413825,147.92528866954444,74732300
2022-10-26,147.19593811035156,149.79786091510002,145.90481954516318,148.78271775892205,88194300
2022-10-27,142.71157836914062,146.900281375259,142.0512434645865,145.934419951747,109180200
2022-10-28,153.4937744140625,155.22838459945976,145.68800602170657,146.0625150725111,164762400
2022-10-31,151.12838745117188,152.01541585586838,149.72886978727786,150.95099079346033,97943200
2022-11-01,148.47718811035156,153.20796132588728,146.97912170575748,152.84330260142488,80379300
2022-11-02,142.93826293945312,149.97528368505897,142.90869682596562,146.80172383520585,93604600
2022-11-03,136.87698364257812,140.74044495007456,136.74885377800044,140.0111123159873,97918500
2022-11-04,136.61041259765625,140.8455457973991,132.6615642734104,140.27296098274414,140814800
2022-11-07,137.14349365234375,137.37054820183675,133.93505454893932,135.35664228494105,83374600
2022-11-08,137.71607971191406,139.62139172038218,135.73178893253106,138.61444628445304,89908500
2022-11-09,133.14527893066406,136.77822695953947,132.86886077303504,136.72886334632145,74917800
2022-11-10,144.99183654785156,144.99183654785156,137.7160881791185,139.43384265889435,118854000
2022-11-11,147.78564453125,148.09167786414133,142.5238023668343,143.955271925704,93979700
2022-11-14,146.38380432128906,148.35822845841318,145.544668037547,147.0649830587826,73374100
2022-11-15,148.1212921142578,151.6258979697989,146.66022247085542,150.2734222564666,89868300
2022-11-16,146.88726806640625,147.95345884286033,145.40645005416332,147.22293159756276,64218300
2022-11-17,148.7926025390625,149.5428782799837,144.2810362048945,144.55745437595286,80389400
2022-11-18,149.35531616210938,150.74728887735557,148.0522039867333,150.36227675012384,74829600
2022-11-21,146.1172637939453,148.4470850528785,145.83097890062086,148.2397789385964,58724100
2022-11-22,148.25950622558594,148.49644255294848,145.05106689456673,146.23573346771818,51804100
2022-11-23,149.1381378173828,149.88841358362208,147.4302500541231,147.53884398667913,58301400
2022-11-25,146.21600341796875,146.97616104993173,145.23865789115922,146.4134428504666,35195900
2022-11-28,142.37571716308594,144.76476841756258,141.54646269068775,143.28395040385445,69246000
2022-11-29,139.36474609375,142.95819794116494,138.55523991340186,142.44484337334484,83763800
2022-11-30,146.13699340820312,146.81817210889182,138.75265175216816,139.59177292691083,111380900
2022-12-01,146.4134063720703,147.22292742638413,144.735149018476,146.31469421224674,71250400
2022-12-02,145.91981506347656,146.10738776877085,143.7874333564375,144.09348175456344,65447400
2022-12-05,144.7549285888672,148.99006226616046,143.90592550087496,145.88034988563246,68826400
2022-12-06,141.08245849609375,145.41631820372012,140.10511327657744,145.1892636809204,64727200
2022-12-07,139.13766479492188,141.536582777895,138.20968308402922,140.37167982245785,69721100
2022-12-08,140.8258056640625,141.68469046865562,139.2956388988772,140.5395207716393,62128300
2022-12-09,140.34207153320312,143.70846830830249,139.0981746838461,140.51976247530513,76097000
2022-12-12,142.64227294921875,142.65213964669184,139.25612782207975,140.87515496362036,70462700
2022-12-13,143.60975646972656,148.05221126240446,142.39548971088675,147.58822033452066,93886200
2022-12-14,141.37864685058594,144.78452547159364,139.35485909896488,143.49128007302596,82291200
2022-12-15,134.7544708251953,139.98669871245937,134.29047986707778,139.3055198563437,98931900
2022-12-16,132.7899169921875,135.88976291691353,132.0198926268116,134.9420475735265,160156900
2022-12-19,130.67726135253906,133.47107341378072,129.64070069453433,133.38222793972224,79592600
2022-12-20,130.608154296875,131.54600271059752,128.22896969448558,129.70978773625592,77432800
2022-12-21,133.71788024902344,135.06048935091275,131.05241050570748,131.27946507821224,85928000
2022-12-22,130.5390167236328,132.83922210681123,128.6337051126469,132.63191605711017,77852100
2022-12-23,130.17379760742188,130.72663401357696,127.98218538040545,129.24581575552057,63814900
2022-12-27,128.36720275878906,129.72956043211943,127.07395717087711,129.69994527084378,69007800
2022-12-28,124.42822265625,129.3544092695257,124.26039839519768,128.0118001174449,85438400
2022-12-29,127.95258331298828,128.81145317017226,126.09662695110752,126.35329671918241,75703700
2022-12-30,128.2684783935547,128.2882268560697,125.80045533922235,126.76792664300454,77034200
2023-01-03,123.4706039428711,129.2260441509053,122.5821116407929,128.61397753423014,112117500
2023-01-04,124.7441177368164,127.01470850998557,123.48048749262259,125.26733892869382,89113600
2023-01-05,123.4212646484375,126.13609817024776,123.16459490202124,125.50428297135478,80962700
2023-01-06,127.96244812011719,128.6238785256401,123.29293835546717,124.39861879639236,87754700
2023-01-09,128.48565673828125,131.70397802412538,128.22898699932045,128.80157186038267,70790800
2023-01-10,129.05824279785156,129.5814640429866,126.48161843097465,128.59425187274505,63896200
2023-01-11,131.78294372558594,131.8026771210122,128.7916923794983,129.57158328133335,69458900
2023-01-12,131.70394897460938,132.54307008824253,129.75914024116136,132.16793979306604,71379600
2023-01-13,133.0366973876953,133.19465493922883,129.97634891095512,130.34161256817276,57809700
2023-01-17,134.2016143798828,135.53434166770566,132.4147629011091,133.10580835372033,63646600
2023-01-18,133.48095703125,136.83747220518643,133.3032510170013,135.0703691429246,69672800
2023-01-19,133.54017639160156,134.50763996952077,132.05935833689125,132.3653916580124,58280400
2023-01-20,136.10694885253906,136.25503972906995,132.50363014524083,133.55007272593946,80223600
2023-01-23,139.3054962158203,141.4872415250396,136.136538833656,136.3537266947968,81760300
2023-01-24,140.7073516845703,141.32930018220668,138.50587272731724,138.51573942626007,66435100
2023-01-25,140.0458984375,140.60860145852004,137.03489874919626,139.0883015683729,65799300
2023-01-26,142.11904907226562,142.40533393014599,140.08537965694651,141.33914314056878,54105100
2023-01-27,144.0638427734375,145.34722141150488,141.25029755609052,141.32927632528882,70555800
2023-01-30,141.1713104248047,143.6887039381187,141.02323465611641,143.1062524963994,64015300
2023-01-31,142.44480895996094,142.4941725713441,140.46051831709534,140.87514553812727,65874500
2023-02-01,143.5702362060547,144.73515421762997,139.51280928282884,142.1289150988489,77663600
2023-02-02,148.89132690429688,149.24670877710787,146.27520596359832,146.99586653400996,118339000
2023-02-03,152.52427673339844,155.36745253753844,145.93957351960248,146.13701293629845,154357300
2023-02-06,149.7896728515625,151.14216353764462,148.85182446235734,150.6189423816567,69858300
2023-02-07,152.67236328125,153.2449481745533,148.71364771535568,148.71364771535568,83322600
2023-02-08,149.97726440429688,152.60325227526124,149.2368553096487,151.91220679965525,64120100
2023-02-09,148.94070434570312,152.35646529011063,148.4964618548583,151.8134955507833,56007100
2023-02-10,149.30648803710938,149.63276719897215,147.53668722335993,147.77398527380333,57450700
2023-02-13,152.11448669433594,152.5198501850578,149.21753098880535,149.24719136406156,62199000
2023-02-14,151.47178649902344,152.03536371466862,149.158187068462,150.40396789568928,61707600
2023-02-15,153.5777587890625,153.74583924665023,151.15539970893886,151.38280090606835,65573800
2023-02-16,151.97605895996094,154.5664988468429,151.6201193880744,151.77830301928833,68167900
2023-02-17,150.82916259765625,151.27408335489702,149.14834246660095,150.6314217151784,59144100
2023-02-21,146.8050537109375,149.59324968756485,146.73585119733022,148.50565230235682,58867200
2023-02-22,147.23019409179688,148.25845552223066,145.4999353225789,147.19063687139987,51011300
2023-02-23,147.7146453857422,148.644043866108,145.57902333709038,148.39686406118764,48394200
2023-02-24,145.05502319335938,145.5296042594395,144.07618560082526,145.45050490064946,55469600
2023-02-27,146.25137329101562,147.48727255329774,145.7866739614647,146.04375066348234,44998500
2023-02-28,145.74713134765625,147.3982909462784,145.17367228142913,145.39119175781394,50547000
2023-03-01,143.6708221435547,145.56916169404062,143.37420328858403,145.1736799451875,55479000
2023-03-02,144.26405334472656,145.05503189340783,142.27671766674902,142.75131384795435,52238100
2023-03-03,149.3262939453125,149.4053933099208,145.66803508048022,146.3700174255545,70732300
2023-03-06,152.0946807861328,154.53681848835288,151.72885949918475,152.0551235684498,87558000
2023-03-07,149.88986206054688,152.29244288057856,149.42516275115915,151.96616367909397,56182000
2023-03-08,151.14552307128906,151.73876071934626,150.11726157953802,151.08620232381537,47204800
2023-03-09,148.89125061035156,152.79668921738386,148.53531102339875,151.82774843104707,53833600
2023-03-10,146.8248291015625,149.23730682187812,145.94486944980744,148.51554589298388,68572400
2023-03-13,148.77261352539062,151.4124925875259,146.03385648579933,146.1426162263365,84457100
2023-03-14,150.86868286132812,151.66954312555754,148.40678132116508,149.57346291926225,73695900
2023-03-15,151.26417541503906,151.52123700910988,148.22879983662045,149.48447760738804,77167900
2023-03-16,154.09190368652344,154.6950230424289,149.92938893729746,150.4435271800346,76161100
2023-03-17,153.2515106201172,154.97188784795392,152.53963142836827,154.31932940774055,98944600
2023-03-20,155.62442016601562,156.03969557063917,152.4110822679711,153.32071734921686,73641400
2023-03-21,157.4832305908203,157.60187209543255,154.77413390443738,155.5453489444009,73938300
2023-03-22,156.04957580566406,160.31095376257457,156.02979719452793,157.50299444764113,75701800
2023-03-23,157.13717651367188,159.7276317574304,155.90127718884906,157.03831361968307,67622100
2023-03-24,158.44227600097656,158.53125712176995,156.06935559319226,157.06795670652497,59196500
2023-03-27,156.4945068359375,158.9564235953307,156.08912825748425,158.13578467553296,52390300
2023-03-28,155.87159729003906,156.70213299816345,154.22043780927265,156.1879947191645,45992200
2023-03-29,158.95640563964844,159.2332458359396,157.55242604798346,157.57218957153339,51305700
2023-03-30,160.52847290039062,160.63723263142947,159.45077243888025,159.70783403649028,49501700
2023-03-31,163.03981018066406,163.13868814753852,160.08354906302839,160.60756909681194,68749800
2023-04-03,164.29550170898438,164.4141432098461,162.36750188667764,162.41694087425697,56976200
2023-04-04,163.76158142089844,164.95792331758295,163.24744316398008,164.7206403425892,46278300
2023-04-05,161.9126739501953,163.18813034939654,159.97479248917713,162.88162976736427,51511700
2023-04-06,162.80252075195312,163.09913955417102,160.17252383849814,160.59766588857192,45390100
2023-04-10,160.2021942138672,160.2021942138672,158.2741945090455,159.59907481013732,47716900
2023-04-11,158.98609924316406,160.52849925536958,158.69936213850445,160.5186174915291,47644200
2023-04-12,158.29397583007812,160.23185733032426,157.97757839276272,159.40133668736163,50133100
2023-04-13,163.69239807128906,163.92969618258195,159.59909994312628,159.80673767634033,68445600
2023-04-14,163.3463592529297,164.4438385284041,161.97203971757548,162.73334288891357,49386500
2023-04-17,163.3660888671875,163.52428757903846,162.1796287016244,163.2276687659828,41516200
2023-04-18,164.59214782714844,165.52154663569831,163.7813905391238,164.2263264144201,49923000
2023-04-19,165.73904418945312,166.26306428456468,163.67260909854727,163.92968580784367,47720200
2023-04-20,164.7700958251953,165.97633480151939,163.69239520940707,164.21641532852104,52456400
2023-04-21,163.15847778320312,164.5723392677561,162.63445771401044,163.18813815793777,58337300
2023-04-24,163.46498107910156,163.73193954278202,162.04122272168698,163.13870186497232,41949600
2023-04-25,161.9225616455078,164.43390199308925,161.88300442555024,163.3265412208214,48714100
2023-04-26,161.9126739501953,163.41553157370114,160.96351183078312,161.2205734284031,45498800
2023-04-27,166.51023864746094,166.65854052357386,163.32656095584278,163.32656095584278,64902300
2023-04-28,167.76589965820312,167.93399523157063,165.98621681699632,166.58933625125528,55209200
2023-05-01,167.67691040039062,168.52720964209172,166.7376300382773,167.370409816753,52472900
2023-05-02,166.63876342773438,168.42835824019505,165.65004401355455,168.17128153704527,48425700
2023-05-03,165.56106567382812,168.9919233057137,165.27434367702065,167.58794352434566,65136000
2023-05-04,163.91976928710938,165.1556684360722,162.45646891900202,163.02992793451995,81235400
2023-05-05,171.612060546875,172.33382159836464,168.83374592219786,169.05126543141336,113316400
2023-05-08,171.54281616210938,171.88887398730245,170.1684967974759,170.53431814830344,55962800
2023-05-09,169.8323211669922,171.5823434942616,169.66424069363828,171.09788068478838,45326900
2023-05-10,171.6021270751953,172.0668263741992,169.96084934197563,171.06822526711633,53724500
2023-05-11,171.7899932861328,172.62051394942262,170.22781484613878,171.88887125937896,49514700
2023-05-12,170.85931396484375,172.33453386665053,169.30487018579348,171.89889318697968,45497800
2023-05-15,170.36427307128906,171.49297161869612,169.77021484316816,171.44346424843133,37266700
2023-05-16,170.36427307128906,171.42365827881974,170.09694535788182,170.28506430037106,42110300
2023-05-17,170.97813415527344,171.2157453771671,168.7306323338431,170.00785308163907,57951600
2023-05-18,173.3147430419922,173.50286200077872,170.86922679282654,171.28506154552485,65496700
2023-05-19,173.4236297607422,174.6414324508558,173.20580942819797,174.6414324508558,55772400
2023-05-22,172.47315979003906,172.97811385055638,171.73059450812943,172.25533943207657,43570900
2023-05-23,169.8593292236328,171.66129487805824,169.58210606257185,171.4137731194303,50747300
2023-05-24,170.13653564453125,170.71078788094945,168.82962874348078,169.39397044171028,45143500
2023-05-25,171.27516174316406,172.17612946392208,169.9880455752579,170.70090944955888,56058300
2023-05-26,173.69093322753906,174.02757424675536,171.39393953348073,171.60186442454003,54835000
2023-05-30,175.54241943359375,177.21566879798618,174.81966018947244,175.20579349606086,55964400
2023-05-31,175.492919921875,177.57210865507508,175.00777185545402,175.57212869440465,99625300
2023-06-01,178.30474853515625,178.33444993394386,175.17607026429087,175.93844141740337,68901800
2023-06-02,179.15623474121094,179.97800874169684,177.48298533965166,179.2354435119536,61945900
2023-06-05,177.79981994628906,183.1165821425977,176.275077551752,180.8195882273271,121946500
2023-06-06,177.43350219726562,178.33446990727649,175.67113339582835,178.18596289670575,64848400
2023-06-07,176.05728149414062,179.41367589423808,175.56223798316736,176.67113061333816,61944600
2023-06-08,178.78001403808594,179.04732664647344,175.70084291207064,176.1364684949153,50214900
2023-06-09,179.16612243652344,180.42352185448632,178.83939196419036,179.70076268646082,48870700
2023-06-12,181.9680938720703,182.06710862095264,179.17605622243772,179.47308536155512,54274900
2023-06-13,181.49282836914062,182.32449774459167,180.63145759510397,180.98788948565831,54929100
2023-06-14,182.12648010253906,182.56212075064622,180.21561965950994,181.5522278943548,57462900
2023-06-15,184.1660919189453,184.67104599748652,181.95820196536692,182.136425495302,65433200
2023-06-16,183.08688354492188,185.1363708565112,182.4433330473612,184.87893857146415,101235600
2023-06-20,183.1759796142578,184.2551858622496,182.58193651385486,182.58193651385486,49799100
2023-06-21,182.1363983154297,183.5720213426237,180.77996894802234,183.06706733943585,49515700
2023-06-22,185.14625549316406,185.1957628610581,181.84926421078353,181.91857754734076,51245300
2023-06-23,184.82945251464844,185.70073399676707,183.17600887110433,183.71066436514266,53079300
2023-06-26,183.4334259033203,186.18586660248252,183.39381396241686,184.9779592329188,48088700
2023-06-27,186.1957550048828,186.52248552112178,183.8294477274505,184.04726807160984,50730800
2023-06-28,187.3739471435547,188.0174975900725,185.7403097900696,186.0670251747448,51216800
2023-06-29,187.7105712890625,188.1858238773272,187.06702084863718,187.20563240999925,46347300
2023-06-30,192.04718017578125,192.5521191164762,189.3640377084909,189.7303801784341,85069600
2023-07-03,190.55213928222656,191.9580609253223,189.85906633761323,191.85904618822673,31458200
2023-07-05,189.433349609375,191.06698713435688,188.7303811843197,189.6709759307026,46920300
2023-07-06,189.9085693359375,190.11649423604223,187.32444187549908,187.95809689875657,45094300
2023-07-07,188.78976440429688,190.76004279032819,188.35413885501103,189.5125387247038,46778000
2023-07-10,186.7403106689453,188.10663557063202,185.18586681905202,187.38386117936162,59922200
2023-07-11,186.215576171875,187.42348359441797,184.75025155228488,187.28487201023415,46638100
2023-07-12,187.88882446289062,189.79968522544766,186.60170827121757,187.79970514631046,60750200
2023-07-13,188.65118408203125,189.29474974345305,187.89872334590046,188.61158724645796,41342300
2023-07-14,188.79969787597656,189.28483085110778,187.75020804300397,188.34425119556795,41573900
2023-07-17,192.06698608398438,192.39371661286773,189.90858852856573,189.99769273438966,50520200
2023-07-18,191.80955505371094,192.4036133115075,190.51254346863507,191.43333225746687,48353800
2023-07-19,193.1659698486328,196.26493172677777,190.74024473686075,191.18579595006162,80507300
2023-07-20,191.21551513671875,194.52240222913113,190.59175546623806,193.15607727761312,59581200
2023-07-21,190.03729248046875,193.03725474426253,189.33432409540026,192.17588392818155,71917800
2023-07-24,190.83924865722656,192.9778399722658,190.34420521064493,191.49270963252084,45377800
2023-07-25,191.7006378173828,192.51251639930572,191.00757994716116,191.4135192381226,37283200
2023-07-26,192.5718994140625,193.70059786031172,191.40360413966724,191.75012548540775,47471900
2023-07-27,191.30459594726562,195.24513765991685,190.64123952357383,194.07684234558644,47460200
2023-07-28,193.88876342773438,194.6808361489385,192.2155137699174,192.74025873736488,48291400
2023-07-31,194.5025634765625,194.54217541175802,193.32435767868782,194.11643019980355,38824100
2023-08-01,193.67092895507812,194.77982161953312,193.3441984148306,194.29468863259882,35175100
2023-08-02,190.67095947265625,193.24517665133837,189.94820018063527,193.10656507331342,50389300
2023-08-03,189.27491760253906,190.46301890335675,188.79968010371752,189.67096144116343,61235200
2023-08-04,180.1859588623047,185.5225277890391,180.11664551288445,183.6809651573304,115799700
2023-08-07,177.0770721435547,181.31464344213896,175.5919415919706,180.32455640774955,97576100
2023-08-08,178.0176239013672,178.48296594319257,175.81962982094473,177.9087137403543,67823000
2023-08-09,176.42361450195312,179.13644336005612,175.25530392276485,179.07704055404358,60378500
2023-08-10,176.20579528808594,178.95823610645982,175.83946791027196,177.700821310071,54686900
2023-08-11,176.2652587890625,177.0881424893324,175.03590276334816,175.7993034466227,51988100
2023-08-14,177.9209442138672,178.14896748076782,175.78937369863468,176.44371711975322,43675600
2023-08-15,175.92819213867188,177.94078172124355,175.53162857549793,177.34593637648265,43622600
2023-08-16,175.0557403564453,177.00883168990967,174.98633341606396,175.61093536777827,46964900
2023-08-17,172.5077667236328,175.9876593304517,171.9922220355352,175.62083731111454,66062900
2023-08-18,172.9935760498047,173.59834528388794,170.48527458580276,170.82235510894964,61114200
2023-08-21,174.33200073242188,174.61952217759173,172.25001931121287,173.56861510861043,46311900
2023-08-22,175.71005249023438,176.15619021692956,174.73846130997606,175.541512243613,42084200
2023-08-23,179.56671142578125,179.99303161559698,176.80064510070915,176.9890180826326,52722800
2023-08-24,174.8673553466797,179.54687744583052,174.50051821034532,179.1205572949361,54945800
2023-08-25,177.0782470703125,177.6136093916348,174.31218067560857,175.85879974601767,51449600
2023-08-28,178.6446990966797,179.04126265908485,177.0187642861302,178.5455506421133,43820700
2023-08-29,182.5409698486328,183.31427930675537,177.9605961154563,178.1588778766287,53003900
2023-08-30,186.0406951904297,186.23899207960088,183.15566303930453,183.35394480054703,60813900
2023-08-31,186.25881958007812,187.49809956371718,185.8721648302999,186.22907807070516,60794500
2023-09-01,187.83518981933594,188.2912363685708,186.66530168187228,187.86493132785435,45732600
2023-09-05,188.07313537597656,188.35073289401015,186.00106278496517,186.66531506939765,45280000
2023-09-06,181.34136962890625,187.23043067946264,179.91371663144653,186.7842777718091,81755800
2023-09-07,176.0372314453125,176.68166607969957,172.0517029915355,173.6776376395152,112488800
2023-09-08,176.6519317626953,178.69427803391082,176.26527698438343,176.82048716548695,65551300
2023-09-11,177.82180786132812,178.7537488345446,175.81912716109244,178.52572555213936,58953100
2023-09-12,174.7880401611328,178.58519559094336,173.32073699502078,177.95068488711692,90370200
2023-09-13,172.71597290039062,175.77946927367296,172.48793449989455,174.99623588192003,84267900
2023-09-14,174.23284912109375,174.58976234555206,172.09136977434392,172.50776601489048,60895800
2023-09-15,173.5091094970703,174.98633670911127,172.32932763975032,174.9665039932106,109205100
2023-09-18,176.4437255859375,177.84163701778533,174.65915940995401,174.9664984209427,67257600
2023-09-19,177.5343017578125,178.08949677364237,175.61093679016653,175.99759154247158,51826900
2023-09-20,173.98501586914062,178.15890274128645,173.89577620541897,177.7226737290678,58436200
2023-09-21,172.4383544921875,174.78803946069445,172.36896268457267,173.05304760725463,63047900
2023-09-22,173.2909698486328,175.56133895987557,172.5573258740407,173.17200382635897,56725400
2023-09-25,174.56993103027344,175.4522977411563,172.65647493916612,172.70604916227998,46172700
2023-09-26,170.48524475097656,173.69744820836135,170.18781458286733,173.32071744815465,64588900
2023-09-27,168.96836853027344,171.55598552227247,167.60021383109716,171.1395892983555,66921800
2023-09-28,169.22616577148438,170.55467030699108,166.18248681585104,167.88773731405627,56294400
2023-09-29,169.74171447753906,171.58576377459906,168.87916528625075,170.5447655196905,51814200
2023-10-02,172.25990295410156,172.80518912572896,169.46408028935463,169.75160169254372,52164500
2023-10-03,170.92149353027344,172.14095595651972,169.3550569046923,170.78269477378157,49594600
2023-10-04,172.1707000732422,172.71598631340495,169.5037670214799,169.62273306372262,53020300
2023-10-05,173.4099578857422,173.9453201351637,171.19907169783187,172.29955283135268,48527900
2023-10-06,175.9678497314453,176.46356172729125,171.69479961979252,172.30949278163357,57224100
2023-10-09,177.45497131347656,177.51445432768062,174.2923266162491,175.29365932051672,42390800
2023-10-10,176.860107421875,178.17870301308767,176.4238784890915,176.5726011495921,43698000
2023-10-11,178.2580108642578,178.30758508223448,176.07688142463152,176.6717266565692,47551100
2023-10-12,179.1602325439453,180.77624333047942,177.50454119898205,178.52572180730996,56743100
2023-10-13,177.31619262695312,180.36976530628638,176.61227491408687,179.86414450043375,51427100
2023-10-16,177.1873016357422,177.54421488719547,174.99624790055657,175.2341951108354,52517000
2023-10-17,175.6307373046875,176.88984988971393,173.30090022346374,175.135025356181,57549400
2023-10-18,174.33200073242188,176.0570840196497,173.60826541418712,174.07423592634754,54764400
2023-10-19,173.9552459716797,176.31482459139443,173.68755728005698,174.53025852712355,59302900
2023-10-20,171.39739990234375,173.91561041088508,171.1594526769345,173.80655315689722,64189300
2023-10-23,171.516357421875,172.51769024747387,168.47267838425373,169.44428482707696,55980100
2023-10-24,171.95257568359375,172.18059896074934,169.97963653831403,171.56592094062157,43816600
2023-10-25,169.63265991210938,171.57584256593557,169.18650699014253,170.4059694558874,57157000
2023-10-26,165.45872497558594,169.91022348807488,164.24918667380368,168.90887572221487,70625300
2023-10-27,166.77732849121094,167.5109876180873,165.3992498850538,165.4785656118454,58499100
2023-10-30,168.82958984375,169.7020478229813,167.42176954958222,167.57049222945847,51131000
2023-10-31,169.3054962158203,169.4343710606267,166.4600987883306,167.89767582228524,44846000
2023-11-01,172.47804260253906,172.73580740860803,168.66105397183955,169.5335119738121,56934900
2023-11-02,176.0471649169922,176.25535548295753,173.95525969593038,174.01474271477764,77334800
2023-11-03,175.13504028320312,175.30359567263832,171.8633532465518,172.74571998498175,79763700
2023-11-06,177.69290161132812,177.8911833660216,174.69881232122145,174.86735256910734,63841300
2023-11-07,180.26071166992188,180.87538968418906,177.4351473327296,177.64333789269085,70530000
2023-11-08,181.32151794433594,181.87671291239437,180.0326638382413,180.7861556902591,49340300
2023-11-09,180.8456573486328,182.54098393459674,180.2507968912838,181.39094357988108,53763500
2023-11-10,185.0448760986328,185.21365353801235,182.1957456895483,182.63254933718324,66133400
2023-11-13,183.45652770996094,184.67758150620577,182.87082057942214,184.46911666550656,43627500
2023-11-14,186.07733154296875,186.74245888927783,184.94561983989882,186.33543591459554,60108400
2023-11-15,186.6431884765625,188.12236184083608,186.414864785386,186.4843631662735,53790500
2023-11-16,188.3308563232422,189.57176909575145,187.2785495679511,188.1918746986356,54412900
2023-11-17,188.3109588623047,188.99594499592382,187.19910609344922,188.86688524673244,50922700
2023-11-20,190.05816650390625,190.51482899547432,188.49958819031184,188.50951003765908,46505100
2023-11-21,189.25404357910156,190.12765081249867,188.3605926524781,190.01844990832404,38134500
2023-11-22,189.91920471191406,191.52742272571234,189.44269847594794,190.09790401781393,39617700
2023-11-24,188.58892822265625,189.51215989530726,187.8741613770549,189.48237920572873,24048300
2023-11-27,188.41021728515625,189.28382451972067,187.52668820396536,188.5392770305871,40552600
2023-11-28,189.0157928466797,189.6908571482296,188.0230628104096,188.40030507150686,38415400
2023-11-29,187.9932861328125,190.693513100917,187.5962001689742,189.51216190888897,43014200
2023-11-30,188.56907653808594,188.93639696992793,186.82187704243873,188.4598756228668,48794400
2023-12-01,189.84970092773438,190.1673666680402,187.85430382511626,188.94631294335792,45679300
2023-12-04,188.0528564453125,188.66835941071503,186.08725507958516,188.59886103241988,43389500
2023-12-05,192.01385498046875,192.9867262414063,188.79740398889692,188.82719982806023,66628400
2023-12-06,190.92185974121094,193.3441084564195,190.71337975554792,193.03636454966008,41089700
2023-12-07,192.85769653320312,193.58238532404093,192.18263213313443,192.22234982318224,47477700
2023-12-08,194.2872314453125,194.56519468567552,192.26205338225554,192.78819916921847,53377300
2023-12-11,191.77560424804688,192.08336332058192,190.02840462687192,191.70612101402028,60943700
2023-12-12,193.29449462890625,193.30441647720014,190.32622602015354,191.6763396332624,52696900
2023-12-13,196.52085876464844,196.56056130389416,193.43346752411227,193.67171305530522,70404200
2023-12-14,196.66976928710938,198.16878635020208,194.73394853732478,196.58042720970235,66831600
2023-12-15,196.13369750976562,196.95765018105735,195.56783406915136,196.09397982207716,128256700
2023-12-18,194.46591186523438,195.20053764226134,192.97681661429394,194.66445486912104,55751900
2023-12-19,195.50828552246094,195.51820737110475,194.46591579616017,194.73395718814848,40714100
2023-12-20,193.4136199951172,196.24289187855894,193.4136199951172,195.46856356116558,52242800
2023-12-21,193.2646942138672,195.64725561182692,192.09327993279487,194.674384326953,46482500
2023-12-22,192.19256591796875,193.9894050921648,191.56714106698067,193.76106624785666,37122800
2023-12-26,191.64654541015625,192.48043504376977,191.42814358023,192.20247183256527,28919300
2023-12-27,191.7458038330078,192.09326541098244,189.7007823458299,191.09061350986994,48087700
2023-12-28,192.17269897460938,193.24484932489418,191.76567598880632,192.72862541967714,34049900
2023-12-29,191.1303253173828,192.98672576072192,190.33613820624774,192.4903607097449,42628800
2024-01-02,184.29042053222656,187.07006792285642,182.55314280656535,185.78943757371047,82488700
2024-01-03,182.91050720214844,184.5286619910614,182.09646131024977,182.88072651321147,58414500
2024-01-04,180.58753967285156,181.7589539428833,179.5650288616003,180.82578520690032,71983600
2024-01-05,179.86282348632812,181.4313387856725,178.8601715873943,180.66694755236284,62303300
2024-01-08,184.21099853515625,184.2507162227342,180.18051667398524,180.76622380895435,59144500
2024-01-09,183.7940673828125,183.80398923151574,181.40158398145778,182.58293533514995,42841800
2024-01-10,184.83642578125,185.0448906262594,182.58292413922769,183.00980597306068,46792900
2024-01-11,184.2407684326172,185.6901609871056,182.2850890001184,185.18385896123664,49128400
2024-01-12,184.56838989257812,185.38243589635255,183.84370111575322,184.70737150933715,40444700
2024-01-16,182.29502868652344,182.92043833380222,179.61464536328148,180.83571426310817,65603000
2024-01-17,181.3519287109375,181.6001112377356,178.98924135636386,179.95219077216925,47317400
2024-01-18,187.2586669921875,187.76495384502815,184.47901992929332,184.73712427915873,78005800
2024-01-19,190.16737365722656,190.55453778649462,187.4473029046773,187.9535897974558,68741000
2024-01-22,192.4804229736328,193.90995662610305,190.86226819370356,190.90198587730438,60133900
2024-01-23,193.7610626220703,194.3269260762536,192.42088601370864,193.60223731108647,42355600
2024-01-24,193.08599853515625,194.9523359132993,192.92715808853583,193.99930838143553,53631300
2024-01-25,192.75839233398438,194.84313150183985,191.70610090276801,193.80076191791213,54822100
2024-01-26,191.02114868164062,193.34413378000988,190.5446424135328,192.85770566285066,44594000
2024-01-29,190.33612060546875,190.80270492206986,188.2017571427803,190.6140837964833,47145600
2024-01-30,186.6729736328125,190.40564874926815,186.10712531543376,189.55190020112778,55859400
2024-01-31,183.0594482421875,185.73983197985604,183.00982384900644,185.68025544188865,55467800
2024-02-01,185.50155639648438,185.59089847447947,182.48366340616798,182.6524257138898,64885400
2024-02-02,184.4989013671875,185.96813772334343,177.9468764270477,178.55244241438749,102518000
2024-02-05,186.3155975341797,187.8741912264236,184.48897759314517,186.78218194218513,69668800
2024-02-06,187.92381286621094,187.9337347140823,185.4122068995574,185.50154897397763,43490800
2024-02-07,188.0330047607422,189.66108145721643,187.23881768122482,189.2540584961332,53439000
2024-02-08,186.95095825195312,188.1620751580878,185.98800874758206,188.0131716874575,40962000
2024-02-09,187.71630859375,188.8494643803939,186.8714052160575,187.5174970927484,45155200
2024-02-12,186.02650451660156,187.537383976275,185.66866504371018,187.28888476363343,41781900
2024-02-13,183.92918395996094,185.09217370700773,182.4083698811328,184.6548126341336,56529500
2024-02-14,183.04452514648438,184.41624573755993,181.34479892181088,184.20751487981576,54630500
2024-02-15,182.75628662109375,183.38250957635185,180.2613596441227,182.4481499819002,65434500
2024-02-16,181.21556091308594,183.7403213725013,180.57940354414131,182.31889800876044,49701400
2024-02-20,180.47007751464844,181.33484997745663,178.91944475353475,180.69869255835386,53665600
2024-02-21,181.2255096435547,181.7920799507102,179.57547126273693,180.84778599399235,41529700
2024-02-22,183.26319885253906,183.84966853541172,181.36467634977905,182.37854224114136,52292200
2024-02-23,181.42431640625,183.92917764586625,181.13604881484736,183.89935895257477,45119700
2024-02-26,180.0724639892578,181.66284976948523,179.56551591408572,181.14598235368476,40867400
2024-02-27,181.53366088867188,182.8159102315647,178.482083088638,180.0128468267154,54318900
2024-02-28,180.33091735839844,182.02070906977036,179.0486680197237,181.4143703487687,48953900
2024-02-29,179.66493225097656,181.47401381447335,178.45225486971108,180.18181486443112,136682600
2024-03-01,178.5814971923828,179.44626969271965,176.31518534052842,178.47215692026748,73488000
2024-03-04,174.04885864257812,175.838040881393,172.74670999766127,175.09254322615726,81510100
2024-03-05,169.09877014160156,171.00724262197713,168.60177162586237,169.73492763506007,95132400
2024-03-06,168.104736328125,170.21201988746688,167.6673753032203,170.03309257401145,68587700
2024-03-07,167.98545837402344,169.7050685827557,167.47852546870348,168.13455182641533,71765100
2024-03-08,169.70506286621094,172.65723446162582,167.92581533645617,167.98545271540405,76114600
2024-03-11,171.7129669189453,173.33318674250597,171.01717211248007,171.9018287593836,60139500
2024-03-12,172.1900634765625,172.98526395951052,169.98338934079592,172.11054191154895,59825400
2024-03-13,170.10269165039062,172.1503228051375,169.73490248954016,171.73284593382695,52488700
2024-03-14,171.9614715576172,173.2636051293667,171.01717749290637,171.87201547265494,72913500
2024-03-15,171.583740234375,171.583740234375,169.26772563447943,170.14244776104985,121664700
2024-03-18,172.67713928222656,176.64319229534289,172.4783429395777,174.51603957790343,75604200
2024-03-19,175.02296447753906,175.54978158656556,171.99127109820583,173.29340452493878,55215200
2024-03-20,177.59742736816406,177.59742736816406,174.0389165846836,174.66513949599232,53423100
2024-03-21,170.34124755859375,176.42451903095682,169.81443040365232,175.98715795881162,106181300
2024-03-22,171.24578857421875,172.0111704512642,169.0391141931604,170.7289059277682,71106600
2024-03-25,169.82437133789062,170.90782428626645,168.43276661931924,169.54605342761408,54288300
2024-03-26,168.6912384033203,170.39096478835648,168.56201393916072,168.97949086122557,57388400
2024-03-27,172.26959228515625,172.55785986634996,169.08880538680637,169.3870074763491,60273300
2024-03-28,170.45057678222656,171.1960744249358,169.4863986176142,170.71896018041463,65672700
2024-04-01,169.00929260253906,170.22197004043582,168.46259127116116,170.16233265286536,46240500
2024-04-02,167.826416015625,168.32341441545842,167.2200773611407,168.06498070773253,49329500
2024-04-03,168.63156127929688,169.6553768320082,167.56799252573734,167.7767233727702,47691700
2024-04-04,167.8065643310547,170.88794562795422,167.8065643310547,169.2677258236611,53704400
2024-04-05,168.56198120117188,169.3671161921521,167.93575835610383,168.57191570910442,42055200
2024-04-08,167.4387664794922,168.18426411757292,167.23003563445502,168.01528647300387,37425500
2024-04-09,168.6514434814453,169.05898582949538,167.33937552823474,167.68726532493085,42451200
2024-04-10,166.7727813720703,168.07491474927153,166.10680533820357,167.7866623517303,49709300
2024-04-11,173.98919677734375,174.40668878905643,167.15050896636146,167.32942111379162,91070300
2024-04-12,175.49014282226562,177.2892746522008,173.16419388744958,173.21388159504414,101593300
2024-04-15,171.6533203125,175.56967037066977,171.46445848220424,174.30729011068368,73531800
2024-04-16,168.3632049560547,172.71690119832985,167.25986775641732,170.71897282804144,73711200
2024-04-17,166.99148559570312,169.62557141471189,166.99148559570312,168.59182127268286,50901200
2024-04-18,166.03724670410156,167.62764791827323,165.55019789724392,167.02130916167917,43122900
2024-04-19,164.00949096679688,165.40108058085156,163.09501562510533,165.21223390744998,67772100
2024-04-22,164.84442138671875,166.25589498596477,163.7808527253039,164.52635030592455,48116400
2024-04-23,165.8980712890625,166.0471799196536,163.92996173620628,164.3573882766078,49537800
2024-04-24,168.00535583496094,168.2836737462142,165.21222704669103,165.540232667877,48251800
2024-04-25,168.87013244628906,169.58581142644354,167.14057238305094,168.51229295621184,50558300
2024-04-26,168.28367614746094,170.31142312512412,168.16438620722982,168.8601961624801,44838400
2024-04-29,172.4584503173828,174.97326108846298,172.06085765153782,172.3292258757486,68169400
2024-04-30,169.3074951171875,173.93952434742974,168.97947431756717,172.2894858404387,65934800
2024-05-01,168.28367614746094,171.6732091751753,168.0948143120181,168.56199406268553,50383100
2024-05-02,171.99127197265625,172.37893013348045,169.8641193422282,171.4743893691613,94214900
2024-05-03,182.27914428710938,185.87740797297917,181.56346535319665,185.52950301417593,163224100
2024-05-06,180.6191864013672,183.0942290168702,179.33692188523904,181.25534382134734,78569700
2024-05-07,181.3050079345703,183.78999990279186,180.23150475142342,182.34870759466082,77305800
2024-05-08,181.6429901123047,181.97101089337855,180.36072568018065,181.75233037266264,45057100
2024-05-09,183.46202087402344,183.55147695770702,181.0167817496789,181.46407733528633,48983000
2024-05-10,182.1979217529297,184.22841905381327,181.28220609270682,184.039301056681,50759500
2024-05-13,185.4128875732422,186.22907786103977,183.76061103045285,184.57680131825043,72044800
2024-05-14,186.55752563476562,187.42348620330452,185.42283282321628,186.63715506565202,52393600
2024-05-15,188.8368682861328,189.76253191302303,186.49780129168897,187.03529613574696,70400000
2024-05-16,188.95631408691406,190.21045865928463,188.7771592552961,189.58338637309936,52845200
2024-05-17,188.98617553710938,189.9218023921439,188.29938496531759,188.62785068172937,41282900
2024-05-20,190.1507110595703,191.02661956084452,188.13016182957105,188.44867953467443,44361300
2024-05-21,191.4546356201172,191.83285642957057,190.03128423275254,190.20049107683238,42309400
2024-05-22,190.01138305664062,191.92245910983817,189.38432593982932,191.37501623979523,34648500
2024-05-23,186.01010131835938,190.11091836221462,185.76126503778056,190.09100720719516,51005900
2024-05-24,189.0956573486328,189.6928704821682,187.16468542966413,187.94106857836448,36294600
2024-05-28,189.10562133789062,192.10160462638697,188.21976480489596,190.61853495727325,52280100
2024-05-29,189.40420532226562,191.35508832801628,188.62783738828333,188.7273779696699,53068000
2024-05-30,190.39956665039062,191.2854232244703,189.7426503955058,189.8720349370489,49947900
2024-05-31,191.3551025390625,191.67362027294615,189.02599856414395,190.5488754083416,75158300
2024-06-03,193.12681579589844,194.08235381042343,191.62385010600926,192.00207093054578,50080500
2024-06-04,193.44532775878906,194.41081372828987,192.13146492648488,193.73397115741048,47471400
2024-06-05,194.95823669433594,195.9834409155792,193.96289161058436,194.49042328995185,54156800
2024-06-06,193.57469177246094,195.58529292944826,193.26613725182494,194.77906590771954,41181800
2024-06-07,195.97349548339844,196.02326577578603,193.23629646745044,193.7439169991778,53103900
2024-06-10,192.2210235595703,196.3815736009198,191.25553768440525,195.98342648408087,97262100
2024-06-11,206.1857147216797,206.19567789204126,192.7286609927464,192.74855695795014,172373300
2024-06-12,212.0782012939453,219.1750019825869,205.9369082694312,206.40472171133436,198134300
2024-06-13,213.24273681640625,215.74104751612717,210.61502639534655,213.74040935969603,97862700
2024-06-14,211.50086975097656,214.16838712685717,210.31640674162668,212.8545395919822,70122700
2024-06-17,215.6614227294922,217.9308083607288,211.72981259041407,212.37678083551464,93728300
2024-06-18,213.29248046875,217.61228945527094,212.008492058615,216.5771221156608,79943300
2024-06-20,208.70394897460938,213.24273529474334,207.87782592387282,212.93416556238657,86172500
2024-06-21,206.524169921875,210.9036824915187,206.14593390610847,209.41066477171813,246421400
2024-06-24,207.17112731933594,211.70989851928564,205.6283393856244,206.75308420226276,80727000
2024-06-25,208.0968017578125,210.3960464470149,207.6389363414956,208.1764159984445,56713900
2024-06-26,212.25733947753906,213.8598456726642,209.65948819693895,210.51548557795786,66213200
2024-06-27,213.10340881347656,214.73577429887092,211.36155475092565,213.69065882378794,49772700
2024-06-28,209.6395721435547,215.0642148828325,209.3210696212814,214.76560832661605,82542700
2024-07-01,215.7410430908203,216.4974998735104,210.933524598722,211.10273143743845,60402900
2024-07-02,219.24465942382812,219.35414798734178,214.09872731420612,215.1438274713018,58046200
2024-07-03,220.51869201660156,220.51869201660156,218.01041831592593,218.97590419946252,37369800
2024-07-05,225.28640747070312,225.39589603978789,220.61823649717394,220.61823649717394,60412400
2024-07-08,226.759521484375,226.78938062149984,222.21078721739227,226.03290864697604,59085900
2024-07-09,227.61550903320312,228.33215871662,225.3162642938077,226.8690002119573,48076100
2024-07-10,231.89549255371094,231.9950331368443,228.1828596567971,228.23262994836378,62627700
2024-07-11,226.5106964111328,231.30825199534104,224.7190721562944,230.31290687462652,64710600
2024-07-12,229.4668426513672,231.55707334519846,227.61550023869842,227.85438851986095,53046500
2024-07-15,233.3088836669922,236.12571210202407,232.00498402552307,235.37920328245679,62631300
2024-07-16,233.72694396972656,235.17019132901206,231.2485291999769,233.90609879782943,43234300
2024-07-17,227.8145751953125,230.38256719376508,225.5849968618027,228.38191396445072,57345900
2024-07-18,223.13645935058594,229.3673294560276,221.23536173419896,229.20807059344992,66034600
2024-07-19,223.26585388183594,225.74426861436035,222.24064965794977,223.77348959602472,49151500
2024-07-22,222.91749572753906,226.7197061195605,222.0515351611177,225.95328613844396,48201800
2024-07-23,223.9626007080078,225.88362469345716,221.6434447483752,223.32558043665784,39960300
2024-07-24,217.52268981933594,223.75355924528677,216.11926491073012,222.9572802069956,61777600
2024-07-25,216.4776153564453,219.8219755631398,213.62096453779796,217.91089956980477,51391200
2024-07-26,216.94541931152344,218.46829606182757,215.0044842643322,217.6819649471348,41601300
2024-07-29,217.22412109375,218.27918447457574,214.74570631572197,215.95008057489312,36311800
2024-07-30,217.78152465820312,219.30440154226625,215.11399172426283,218.16970866418467,41643800
2024-07-31,221.04623413085938,222.77814001369308,219.60298682237814,220.40921389598267,50036300
2024-08-01,217.34353637695312,223.435042960857,216.00977771238428,223.325554402556,62501000
2024-08-02,218.83657836914062,224.54986481713928,216.69659243938975,218.12987665236415,105568600
2024-08-05,208.29588317871094,212.5061888982195,195.08764882459494,198.1632616839607,119548600
2024-08-06,206.26535034179688,209.01251239840335,200.13403637997632,204.34434168651262,69660500
2024-08-07,208.8433074951172,212.64551772150753,205.42926604632788,205.93688655864335,63516400
2024-08-08,212.31704711914062,213.20290359333654,207.85790561211314,212.1179811495676,47161100
2024-08-09,215.2334442138672,215.77092392101787,210.98331610147795,211.1127158331721,42201600
2024-08-12,216.76803588867188,218.7410960979999,214.8448035806853,215.31315848368175,38028100
2024-08-13,220.4949493408203,221.11277276612057,218.2428558389481,218.2428558389481,44155300
2024-08-14,220.943359375,222.24876826808693,218.93043078284688,219.7973936824548,41960600
2024-08-15,223.93284606933594,224.56064415441705,221.97970491871703,223.81327127421198,46414000
2024-08-16,225.25819396972656,226.03546056539557,222.86659157853387,223.1356500786779,44340200
2024-08-19,225.09873962402344,225.19839542072495,222.2587166767679,224.92933693390268,40687800
2024-08-20,225.71658325195312,226.3742750764108,224.6602986155859,224.9791850293864,30299000
2024-08-21,225.60696411132812,227.18143154067607,224.26170199000447,225.7265541171402,34765500
2024-08-22,223.74349975585938,227.54015139464096,223.11570169720306,226.9920749311584,43695300
2024-08-23,226.04542541503906,227.42059644239848,223.5442228703079,224.86956599566977,38677300
2024-08-26,226.38421630859375,226.48387210620078,223.10574735994538,225.96568932825608,30602200
2024-08-27,227.23126220703125,228.0483972344343,224.10226151212836,225.208374045966,35934600
2024-08-28,225.69664001464844,229.05483047059747,224.8894645684117,227.1216236092518,38052200
2024-08-29,228.98509216308594,232.10413336375854,228.07829123837303,229.29401907737392,51906300
2024-08-30,228.19786071777344,229.59295072736154,226.68318070354871,229.38369482859366,52990800
2024-09-03,221.98968505859375,228.1978583447122,220.39528345963856,227.74943764667495,50190600
2024-09-04,220.07640075683594,221.00313580397116,216.71819503548093,220.88356101217042,43840200
2024-09-05,221.60104370117188,224.6901757794695,220.744055533832,220.85367082984084,36615400
2024-09-06,220.0465087890625,224.4510243839852,219.00018373655976,223.16553454066073,48423000
2024-09-09,220.13619995117188,220.49493955114087,215.95091475509392,220.04651885251477,67180000
2024-09-10,219.3389892578125,220.70418549359823,215.97082401031443,218.15315521125123,51591000
2024-09-11,221.88006591796875,222.3085524071335,217.126770108234,220.6842723421212,44587100
2024-09-12,221.98968505859375,222.76695165661573,219.0500213655269,221.7206265576352,37498200
2024-09-13,221.72061157226562,223.2552104631355,221.1326819144566,222.79683029802118,36766600
2024-09-16,215.56227111816406,216.45911247240775,213.17066883128115,215.78148650258865,59357400
2024-09-17,216.03060913085938,216.1402244248995,213.74863736172932,214.99425879157621,45519300
2024-09-18,219.91696166992188,221.9298901997397,216.777986478492,216.7879611815548,59894900
2024-09-19,228.0683135986328,229.01499812075548,223.84317512238368,224.20191472936153,66781300
2024-09-20,227.40065002441406,232.27352055331795,226.82267984404155,229.1644542640561,318679900
2024-09-23,225.6767120361328,228.64626930220686,225.01902026418153,226.54365969576136,54146000
2024-09-24,226.5735626220703,228.5466380182851,224.93930782860403,227.8490778167103,43556100
2024-09-25,225.5770721435547,226.49384776666977,223.23531278607823,224.14211370551686,42308700
2024-09-26,226.72303771972656,227.69960067739044,224.62042810744603,226.50380712846774,36636700
2024-09-27,226.99208068847656,228.71603171782343,226.50380681299467,227.6597471643239,34026000
2024-09-30,232.183837890625,232.183837890625,228.84556632808733,229.234199611622,54541900
2024-10-01,225.41761779785156,228.8455550815525,222.95626872131422,228.71602079696683,63285000
2024-10-02,225.98562622070312,226.57355589970402,222.2388023482828,225.09874435066007,32880600
2024-10-03,224.8795166015625,226.01552277761738,222.53775735368686,224.35137431302277,34044200
2024-10-04,226.0055694580078,227.20136306464835,223.3449237414969,227.1017072618697,37245100
2024-10-07,220.91348266601562,224.89947175407843,220.5547430398763,223.71363756752507,39505400
2024-10-08,224.9791717529297,225.1884276449642,222.46799461113406,223.51431968732726,31855700
2024-10-09,228.7359619140625,228.94523301761674,224.0424685900414,224.44106139019914,33591100
2024-10-10,228.23770141601562,228.6960967971132,226.3742566041183,226.98212047614993,28183500
2024-10-11,226.75294494628906,228.60643037956845,226.54367384020586,228.4968150773993,31759200
2024-10-14,230.48980712890625,230.91829362955485,227.79926770980506,227.89890830734765,39882100
2024-10-15,233.03086853027344,236.65811760908664,231.5560417756155,232.79170373632726,64751400
2024-10-16,230.96810913085938,231.3069145139278,229.0349022193022,230.78874694170784,34082200
2024-10-17,231.33682250976562,233.0308799404877,229.71254238803704,232.6123377292532,32993800
2024-10-18,234.17684936523438,235.35270879965356,233.1903116322836,235.35270879965356,46431500
2024-10-21,235.6516571044922,236.02037141360947,233.62876897482323,233.62876897482323,36254500
2024-10-22,235.03382873535156,235.3925683333293,231.7852533575211,233.07072804715946,38846600
2024-10-23,229.95169067382812,234.31635331873264,226.96219904424217,233.26006870913344,52287000
2024-10-24,229.76235961914062,230.0114839114603,227.60992208421712,229.17441473320775,31109500
2024-10-25,230.5994110107422,232.40306843409212,228.76585988907573,228.935262581316,38802300
2024-10-28,232.5824432373047,233.9077863541258,231.73542973016842,232.50273684103132,36087100
2024-10-29,232.85150146484375,233.50919327337175,231.50623935322642,232.28350596136286,35417200
2024-10-30,229.29400634765625,232.65219696606212,228.74592985962587,231.79520878623467,47070900
2024-10-31,225.11868286132812,229.02495000446748,224.5805658660821,228.53666090957242,64370100
2024-11-01,222.1291961669922,224.56065178607977,219.49844414747824,220.1959891516409,65276700
2024-11-04,221.23233032226562,222.0095968952219,218.94039900502227,220.21591416091667,44944500
2024-11-05,222.66729736328125,223.1655459656629,220.36539125313263,221.02308305755813,28111300
2024-11-06,221.93984985351562,225.27812143912794,220.41521040716108,221.83023455712816,54561100
2024-11-07,226.6831817626953,227.081789771112,223.7833864288354,223.8431738287627,42137700
2024-11-08,226.41383361816406,228.10973956989392,225.8651541338214,226.6233197345054,38328800
2024-11-11,223.69039916992188,225.15686291743452,220.96697301971395,224.4585504714927,42005600
2024-11-12,223.69039916992188,225.04712701721013,222.82249764582772,224.00963641496367,40398300
2024-11-13,224.57826232910156,226.10457929193407,222.2239408664857,223.47093284409854,48566200
2024-11-14,227.67080688476562,228.3192366196321,224.45855435577516,224.47851048945301,44923900
2024-11-15,224.4585418701172,226.3739196007606,223.73030286311794,225.8551667084814,47923700
2024-11-18,227.47128295898438,229.18714506333228,224.62813528483125,224.70794459457642,44686000
2024-11-19,227.73065185546875,229.60613257977118,226.11455519341968,226.43377721041003,36211800
2024-11-20,228.44891357421875,229.37666823104936,225.34639715216647,227.51117324017346,35169600
2024-11-21,227.97007751464844,229.60613029336434,225.16684213362325,228.3292117939797,42108300
2024-11-22,229.3168182373047,230.16477882059493,227.51117639639193,227.51117639639193,38168300
2024-11-25,232.30960083007812,232.68869124314412,229.1871434272115,230.9030055193102,90152800
2024-11-26,234.49432373046875,235.00310615337486,232.76849125195545,232.76849125195545,45986200
2024-11-27,234.36465454101562,235.12283541072824,233.24735459247512,233.90577001446655,33498400
2024-11-29,236.75888061523438,237.2377212602243,233.40696565616557,234.24494059041535,28481400
2024-12-02,239.013427734375,240.21053691361496,236.58928278806928,236.69901868412032,48137100
2024-12-03,242.06607055664062,242.1758064568113,238.32509471728144,239.232908507596,38861000
2024-12-04,242.42520141601562,243.5225604021956,240.66944226019712,242.28553892887177,44383900
2024-12-05,242.4551239013672,243.95151419061432,241.54732536132988,243.40284992887905,40033900
2024-12-06,242.25559997558594,244.04130085085734,241.49743440151175,242.32543882662802,36870600
2024-12-09,246.1562042236328,246.64503053466012,241.16823655952678,241.24804586880077,44649200
2024-12-10,247.1737518310547,247.612695417372,244.7495916510093,246.2958646584201,36914800
2024-12-11,245.89682006835938,250.196445491468,245.6673626102133,247.36328368802742,45205800
2024-12-12,247.36329650878906,248.1414182384854,245.08876927344312,246.2958641332418,32777500
2024-12-13,247.5328826904297,248.69007959411312,245.647431564018,247.223631137632,33155300
2024-12-16,250.4358673095703,250.7750606707362,247.05402592958802,247.3932192907539,51694800
2024-12-17,252.8699951171875,253.21915892963332,249.1789022262073,249.47818331943677,51356400
2024-12-18,247.4530792236328,253.66808268004456,247.14382766353577,251.55318925842403,56774100
2024-12-19,249.1888885498047,251.3935770141874,246.49538898335234,246.90440599607692,60882300
2024-12-20,253.87759399414062,254.3863612366688,245.09876750312787,247.44310326755718,147495300
2024-12-23,254.6557159423828,255.03479114956258,252.8400883307868,254.15691915529422,40858800
2024-12-24,257.57867431640625,257.58862955018265,254.67565812568793,254.87518901917565,23234700
2024-12-26,258.39666748046875,259.47408555117545,257.0100282923795,257.56867823862046,27237100
2024-12-27,254.9749298095703,258.0774615569102,252.4510193654514,257.20952960207876,42355300
2024-12-30,251.5930938720703,252.8899685500744,250.14658624824915,251.62302046123375,35557500
